id,parseerror_distances,not_parseerror_distances
6552,[],[]
6553,[],[]
6562,[],[]
6563,[],[]
6564,[],[]
6568,[],"[21, 0]"
6569,[],[]
6586,[],[]
6672,[],[]
6701,[],[1]
6750,[],"[614, 171, 332, 32, 13, 51]"
6797,[],"[24, 22, 0, 0, 14, 15, 8, 25, 0, 31, 22, 5, 0, 0, 0, 0]"
6809,[],"[106, 6, 28, 12, 21, 44, 17, 1, 6, 7]"
6731,[],[1]
6747,[],"[614, 171, 332, 0]"
6754,[],"[1, 0]"
6746,[],[]
6753,[],[1]
6793,[],"[614, 171, 0, 6, 2, 1, 1]"
6732,[],[]
6736,[],[0]
6740,[],"[614, 171, 0]"
6764,[],"[501, 2, 17, 6, 8, 15, 6, 29, 2, 1]"
6794,[0],"[24, 22, 0, 0, 14, 15, 8, 25, 0, 31, 22, 5, 0, 5, 20, 52, 3, 2, 18, 7]"
6954,[],"[1, 54, 52, 0, 0, 0, 0, 0]"
6956,[],"[1, 0]"
7005,[],"[1, 1]"
7034,[],"[614, 171, 332, 0, 26, 30, 4, 2, 79, 6, 9, 23, 33]"
6971,"[1, 2, 7]","[1, 0, 0, 0, 0, 0, 0, 0, 0]"
6946,[],[]
6973,[],[20]
7092,[],"[26, 3, 1, 2, 1, 15, 1, 119, 1, 1, 1, 1, 66, 1, 6]"
7002,[],"[13, 48, 8, 8, 2, 8, 1, 0]"
7007,[],[1]
7045,[],"[5, 53, 2, 4, 2, 2, 2, 2, 0, 2, 2, 1, 1, 51, 89, 4, 4, 4, 8, 8, 2, 119, 0, 1]"
7047,[],"[614, 171, 0, 7, 2, 0, 0]"
7067,[],"[2, 2, 153, 30, 158, 14, 8, 6, 3, 5, 61]"
7261,[],[1]
7280,"[14, 2, 1, 2, 18, 26, 20, 2, 26, 4, 4, 18, 1]","[1205, 14, 23, 1, 1, 12, 3, 4, 3]"
7281,[],[2]
7119,"[1, 1]","[614, 171, 332, 0, 9, 6, 22, 8, 5, 5, 47, 4, 23, 46, 5, 37, 29, 29, 61]"
7120,[],[1]
7265,[],[1]
7286,[],"[2, 2, 153, 30, 242, 602, 0]"
7294,[],"[13, 48, 8, 8, 2, 8, 1, 0]"
7402,[],"[614, 171, 0, 8, 2, 2, 8]"
7420,[],"[1, 8, 1041, 3, 4, 3, 390]"
7432,[],"[1, 505, 2, 240]"
7518,[],"[61, 2, 4, 0]"
7380,[],"[2, 2, 0]"
7381,[],"[30, 173, 49, 575, 0, 0, 150, 8, 0]"
7453,[35],"[2, 2, 5, 94]"
7379,[],"[2, 2, 153, 30, 242, 602, 0, 50, 4]"
7384,[],"[2, 2, 0]"
7415,[],[1]
7392,[],"[614, 171, 0]"
7438,[17],[65]
7447,[],[1]
7504,[],[1]
7517,"[1, 3, 34, 166, 3, 96, 5, 184, 16]","[2, 2, 0, 55, 68, 1, 0, 84]"
7519,[],"[13, 48, 8, 8, 0]"
7646,[],[1]
7753,"[7, 20, 5, 6, 5, 27, 6, 5, 0, 1, 30, 0, 1, 1, 5, 1]","[30, 173, 49, 575, 0, 0, 150, 8, 46, 29, 6, 45, 4, 48, 4, 3, 12, 0, 78, 3, 6, 20, 20, 12, 0, 22, 23, 10, 19, 34, 1, 0, 20, 4, 6, 3, 15, 48, 47, 3, 13, 3, 7, 0, 15, 0, 3]"
7799,"[7, 20, 5, 6, 5, 27, 6, 5, 0, 1, 30, 0, 1, 1, 5, 1]","[30, 173, 49, 575, 0, 0, 150, 8, 46, 29, 6, 45, 4, 48, 4, 3, 12, 0, 78, 3, 6, 20, 20, 12, 0, 22, 23, 10, 19, 34, 1, 1280, 0]"
7816,"[7, 86, 0, 2, 31, 44, 1, 3]","[2, 2, 4, 12, 4, 845, 749, 0, 7, 6, 1, 0, 6, 39, 0, 0]"
7691,[],"[1, 0]"
7692,[],[1]
7698,[671],"[2, 2]"
7796,"[34, 1, 0, 0]","[2, 2, 195, 147, 96, 83, 0, 186, 0, 206, 130, 295, 84, 0, 60, 0, 877, 0, 1, 1, 3, 3, 0, 6]"
7814,"[1, 2, 7]","[1, 0, 0, 0]"
7817,"[7, 20, 5, 6, 5, 27, 6, 5, 0, 1, 30, 0, 1, 1, 5, 1]","[30, 173, 49, 575, 0, 0, 150, 8, 46, 29, 6, 45, 4, 48, 4, 3, 12, 0, 78, 3, 6, 20, 20, 12, 0, 22, 23, 10, 19, 34, 1, 211, 419, 264, 0]"
7605,[],"[13, 48, 8, 8, 2, 8, 1, 0]"
7693,[],"[13, 48, 8, 8, 2, 8, 1, 0]"
7696,"[1, 20, 4, 8, 10, 0, 10, 0]","[30, 173, 49, 575, 0, 0, 150, 8, 0, 27, 23, 36, 2, 1, 13, 0, 3, 47, 7, 3, 23, 19, 53, 19]"
7607,"[1, 1, 120]","[65, 22, 97, 84, 71, 27, 85, 84, 635, 6, 605, 5]"
7769,"[34, 1, 8, 9]","[2, 2, 195, 147, 96, 83, 0, 186, 0, 206, 130, 295, 84, 0, 60, 0]"
7787,"[34, 1, 48]","[2, 2, 195, 147, 96, 83, 0, 186, 0, 206, 130, 295, 84, 0, 60, 0, 10, 0, 6, 12, 0, 0, 17, 0, 0, 3, 21, 56, 0, 0, 13]"
7795,"[34, 1, 0, 805]","[2, 2, 195, 147, 96, 83, 0, 186, 0, 206, 130, 295, 84, 0, 60, 0, 46, 0, 0, 0]"
7813,"[1, 2, 7]","[1, 0, 0, 0]"
7884,"[1, 2, 7]","[1, 0, 0, 0]"
7888,[],"[61, 2, 4, 3, 0]"
7917,[],"[1, 7, 18, 19, 19, 0, 31, 127, 3]"
7971,"[0, 3]",[]
7810,"[7, 20, 5, 6, 5, 27, 6, 5, 0, 1, 30, 0, 1, 1, 5, 1]","[30, 173, 49, 575, 0, 0, 150, 8, 46, 29, 6, 45, 4, 48, 4, 3, 12, 0, 78, 3, 6, 20, 20, 12, 0, 22, 23, 10, 19, 34, 1, 52, 57]"
7818,[],"[30, 173, 49, 575, 0, 0, 150, 8]"
7822,[],"[614, 171, 0, 331]"
7885,"[1, 2, 7]","[1, 0, 0, 0]"
7890,[],"[61, 2, 4, 3, 3, 1, 0]"
7882,[],[1]
7883,[],"[1, 0, 10]"
7886,[],"[61, 2, 0]"
7889,[],"[61, 2, 4, 3, 3, 0]"
7891,[],"[61, 2, 4, 3, 0]"
7902,[],"[1, 1]"
7926,[],"[13, 48, 8, 8, 0, 13, 10, 68, 5, 14, 40, 2, 22, 20, 1]"
7982,[],"[2, 2, 1314, 0]"
8043,"[0, 1073, 0, 9, 9, 55, 52, 501, 0, 141, 24, 0]","[2, 2, 0, 960, 0, 0, 0, 623, 0]"
7880,"[19, 14]",[]
7887,[],"[61, 2, 4, 0]"
7895,[],"[13, 48, 8, 8, 0]"
7901,[],"[1, 1]"
7905,[],"[1, 7, 18, 19, 19, 0]"
7930,[64],"[0, 114, 0]"
8039,[],"[455, 4, 2]"
8030,"[0, 0, 0, 0, 9, 347, 1, 1]","[2, 2, 0, 0, 79, 0, 0, 44, 0, 0, 2, 0, 0]"
8052,"[34, 1, 397, 36, 272, 0]","[2, 2, 195, 147, 96, 83, 0, 186, 0, 206, 130, 295, 84, 0, 60, 0, 179, 180, 165]"
8098,"[0, 562, 0]",[]
8101,[],"[12, 0]"
8127,"[68, 0, 17, 1, 96, 76, 10, 19, 130, 4]",[]
8136,[],[1]
8147,[],"[30, 173, 49, 575, 0, 0, 150, 8, 221, 25]"
8173,"[1, 20, 4, 8, 10, 0, 10, 0]","[30, 173, 49, 575, 0, 0, 150, 8, 0, 27, 23, 36, 2, 1, 13, 0, 3, 47, 7, 3, 23, 19, 0, 0]"
8178,"[34, 1]","[2, 2, 195, 147, 96, 83, 0, 186, 0, 206, 130, 295, 84, 0, 60, 0, 40, 0, 0, 188, 0, 0, 80, 0, 23, 0, 0, 0]"
8233,[],[]
8412,"[0, 60]","[30, 173, 49, 575, 0, 0, 150, 8, 310, 0, 0]"
8131,"[5, 2131]","[2, 2]"
8145,[1],"[65, 737, 64, 64, 88, 388, 42, 707, 671]"
8152,[],[1]
8170,[],"[65, 41, 31, 31, 83, 75, 3, 3, 56, 6, 6, 2, 73, 64, 54, 140, 0, 0]"
8213,"[0, 0, 0, 400, 0, 0, 867]","[2, 2, 0]"
8232,[],[]
8234,[],"[30, 173, 49, 575, 0, 0, 150, 8, 0]"
8237,[],[]
8302,"[8, 0, 0]","[2, 2]"
8150,"[0, 0]",[]
8214,[],"[614, 171, 0]"
8218,[],[1]
8135,[],[1]
8151,[],[65]
8293,"[0, 501, 1, 5, 1, 64, 32, 1]",[]
8353,[3],"[65, 295, 17, 113, 113]"
8363,"[25, 0, 0, 6, 0, 0, 0, 37, 37, 0]","[2, 2, 216, 55, 0, 17, 6, 1, 334, 0, 0, 420, 0, 6, 95, 71, 0, 0]"
8331,"[4, 4, 4, 0, 5, 0, 4, 0, 0, 0, 0, 0, 0, 2, 209, 0, 0, 58, 0, 84, 0]","[54, 53]"
8430,"[3, 3, 4, 9, 9, 8, 10, 28, 1, 1, 1, 19, 3, 3, 9]",[65]
8391,[],"[1, 1, 1057, 15, 16, 16, 0, 18, 6, 2, 38, 2]"
8454,"[25, 0, 0, 6, 0, 0, 0, 37, 37, 0]","[2, 2, 216, 55, 0, 17, 6, 1, 334, 0, 0, 420, 0, 6, 95, 71]"
8467,"[0, 1, 655, 0, 1014, 118, 21, 45]",[]
8477,[],"[11, 1, 0, 399, 1, 0, 8, 0, 7, 0]"
8508,"[1, 4]",[]
8518,"[3, 1, 19, 2, 3, 1]","[65, 105, 2, 76, 248, 14, 2, 4, 2, 2, 4, 1, 3, 2, 18, 2, 2, 2, 6, 2, 2, 2, 2, 2, 2, 2, 0, 10, 10, 2, 6, 12, 6, 3, 2, 10, 8, 4, 2, 4, 26, 2, 4, 15, 10, 20, 2, 2, 20, 4, 7, 2, 3, 3]"
8530,"[0, 9, 67, 33, 32]","[65, 9, 160]"
8389,"[25, 0, 0, 6, 0, 0, 0, 37, 37, 0]","[2, 2, 216, 55, 0, 17, 6, 1, 334, 0, 0, 420, 0, 6, 95, 71, 12, 749, 1205]"
8392,"[25, 0, 0, 6, 0, 0, 0, 37, 37, 0]","[2, 2, 216, 55, 0, 17, 6, 1, 334, 0, 0, 420, 0, 6, 95, 71, 12, 22]"
8436,"[1, 3, 7]","[30, 173, 49, 575, 0, 0, 150, 8, 310, 0, 19]"
8445,"[25, 0, 0, 6, 0, 0, 0, 37, 37, 0]","[2, 2, 216, 55, 0, 17, 6, 1, 334, 0, 0, 420, 0, 6, 95, 71, 1]"
8462,"[0, 60]",[65]
8483,"[25, 0, 0, 6, 0, 0, 0, 37, 37, 0]","[2, 2, 216, 55, 0, 17, 6, 1, 334, 0, 0, 420, 0, 6, 95, 71, 0, 0]"
8492,[],"[65, 41, 31, 31, 83, 75, 3, 3, 56, 6, 6, 2, 73, 64, 54, 140, 0, 0]"
8500,[],"[13, 48, 8, 8, 2, 8, 1, 0]"
8501,"[25, 0, 0, 6, 0, 0, 0, 37, 37, 0]","[2, 2, 216, 55, 0, 17, 6, 1, 334, 0, 0, 420, 0, 6, 95, 71, 0, 1]"
8503,"[7, 86, 0, 2, 31, 44, 1, 3]","[2, 2, 4, 12, 4, 845, 749, 0, 7, 6, 1, 0, 6, 39, 0, 0]"
8448,"[25, 0, 0, 6, 0, 0, 0, 37, 37, 0, 6]","[2, 2, 216, 55, 0, 17, 6, 1, 334, 0, 0, 420, 0, 6, 95, 71, 0]"
8488,"[844, 0, 96, 450, 232, 462, 0, 0, 416, 0, 282, 351, 0, 42, 0]","[2, 2, 0, 398]"
8491,"[34, 1]","[2, 2, 195, 147, 96, 83, 0, 186, 0, 206, 130, 295, 84, 0, 60, 0, 40, 0, 0, 188, 0, 0, 80, 0, 23, 0, 0, 0, 0]"
8569,"[25, 0, 0, 6, 0, 0, 0, 37, 37, 0, 27]","[2, 2, 216, 55, 0, 17, 6, 1, 334, 0, 0, 420, 0, 6, 95, 71, 1233]"
8632,"[27, 5, 6, 4]","[65, 0, 0, 0, 0, 0, 0, 0, 0, 0]"
8636,"[4, 1, 9, 398, 1, 1, 1, 1, 1, 4]","[4, 17, 18, 79, 1, 1, 1, 8, 0, 0, 0, 0, 0, 0, 0, 0, 0, 0, 6, 10]"
8647,[],"[65, 0, 0, 0, 0, 0, 0, 0, 0, 0, 0, 1]"
8673,"[25, 0, 0, 6, 0, 0, 0, 37, 37, 0]","[2, 2, 216, 55, 0, 17, 6, 1, 334, 0, 0, 420, 0, 6, 95, 71, 0]"
8750,[2],"[6, 74]"
8672,"[25, 0, 0, 6, 0, 0, 0, 37, 37, 0]","[2, 2, 216, 55, 0, 17, 6, 1, 334, 0, 0, 420, 0, 6, 95, 71, 0, 0]"
8687,[],"[11, 8, 9, 1, 25, 1]"
8895,"[6, 12, 4, 587, 5, 5, 38, 4, 1, 4, 12, 1, 0, 4, 3, 4, 40, 7, 2, 2, 11, 30, 3, 10, 7, 7, 7, 2, 10, 33, 2, 6]","[3, 0, 0, 3, 5, 5, 621, 4, 42, 4, 0, 4, 0, 11, 4, 43, 11, 4, 4, 2, 72, 13, 4, 5, 0, 4, 4, 4, 1, 4]"
8941,[1],"[65, 49, 122, 106, 63, 132]"
8966,[],"[30, 173, 49, 575, 0, 0, 150, 8, 0, 21, 22, 0, 25, 60, 0, 53, 0, 64, 0, 7, 0, 73]"
9021,[],"[61, 2, 0]"
9119,[],"[2, 0, 0, 2]"
9017,"[3, 1, 3, 6, 2, 5, 6, 18, 2, 10, 51, 36, 20, 7, 4, 2, 4, 4, 4, 4, 2, 6, 111, 0]","[2, 2, 23, 60, 10, 7, 144, 8, 115, 306, 508, 161, 54, 434, 4, 43, 109, 46, 16, 117, 95, 1, 94, 93, 0, 93, 96, 5, 98, 0, 100, 83, 2, 285, 100, 30, 223, 29, 4, 393, 36, 313, 29, 92, 4, 2, 1333, 82, 0, 0, 181, 0, 127, 0, 16, 1, 0, 22, 40, 29, 0, 0, 8, 26, 0, 30, 0, 30, 32, 0, 2, 30, 16, 18, 0, 6, 14, 0, 0, 0, 0, 0, 0, 34, 0, 7, 3, 0, 48, 0, 149, 20, 6, 15, 13, 88, 84, 62, 0, 6, 8, 0, 1, 62, 0, 0, 6, 1, 0, 5, 0, 6, 7, 0, 0, 0, 0, 30, 0, 15, 0, 0, 7, 0, 0, 6, 0, 0, 7]"
9026,[],[170]
9028,[],[4]
9252,[10],"[6, 13]"
9452,"[0, 34, 6, 8, 8, 8, 4, 4]","[0, 2, 0, 0]"
9024,[],"[4, 4]"
9058,[],"[48, 6, 0, 7, 4, 3, 10, 3, 4, 0, 0, 69, 19, 1, 4]"
9094,[],"[4, 3, 4]"
9221,[],"[61, 2, 4, 3, 3, 1, 0, 3, 3]"
9018,[],"[1, 0, 0]"
9019,[],"[1, 0, 0]"
9020,"[1, 2, 7]","[1, 0, 0, 0]"
9054,[],"[22, 15, 4]"
9079,[],[15]
9095,[],"[614, 171, 332, 0]"
9111,[],"[10, 14, 1, 1, 4, 1]"
9223,[],[]
9441,"[50, 10, 8, 10, 2, 2, 11, 16, 249]",[]
9244,"[1, 6]",[]
9254,"[140, 0]","[40, 18, 0]"
9296,[],"[65, 0, 0, 0, 0, 0, 0, 0, 0, 0, 0, 33, 10, 32, 0, 5, 7, 96, 43, 3, 61, 24, 271, 0, 1, 0, 3, 37, 0, 3, 116, 5, 7, 155]"
9247,"[0, 58, 61, 1, 624, 0, 6, 0, 1, 1, 1, 4, 949, 0, 5, 0, 5, 20, 0, 5, 0, 55, 0, 42, 0, 13, 5, 0, 0, 0]","[0, 0, 3, 0, 156, 0, 0, 0, 20]"
9322,"[5, 1, 0, 5, 5, 5, 4, 2, 1, 1, 15, 1, 6, 1]","[4, 0]"
9335,"[8, 13, 2, 1, 26, 11, 1]","[614, 171, 332, 53, 6, 1, 23, 1, 2, 3, 1, 3, 61, 1, 2, 1, 500, 23, 509, 72, 75]"
9336,[],[]
9345,"[34, 1]","[2, 2, 195, 147, 96, 83, 0, 186, 0, 206, 130, 295, 84, 0, 60, 0, 40, 0, 0, 188, 0, 0, 80, 0, 23, 0, 0]"
9382,[],[168]
9383,[],[137]
9384,[],[211]
9462,[],"[18, 12, 31]"
9463,[],"[52, 50, 11, 0]"
9267,"[0, 58, 61, 1, 624, 0, 6, 0, 1, 1, 1, 4, 949, 0, 5, 0, 5, 20, 0, 5, 0, 55, 0, 42, 0, 13, 5, 0, 0, 0, 1, 3, 1, 1, 6]","[0, 0, 3, 0, 156, 0, 0, 61, 20, 0, 0, 3, 15]"
9481,"[0, 12, 0, 0, 0, 13, 8, 21, 16, 44, 2]","[45, 7, 5, 51]"
9490,"[2, 1, 0]","[13, 125]"
9486,"[7, 20, 5, 6, 5, 27, 6, 5, 0, 1, 30, 0, 1, 1, 5, 1]","[30, 173, 49, 575, 0, 0, 150, 8, 46, 29, 6, 45, 4, 48, 4, 3, 12, 0, 78, 3, 6, 20, 20, 12, 0, 22, 23, 10, 19, 34, 1, 211, 419, 264, 1254]"
9488,"[50, 10, 8, 10, 2, 2, 11, 16]","[183, 5, 6, 10]"
9491,"[2, 9, 6, 1, 4, 12, 9, 1]","[43, 10]"
9549,[],"[243, 50, 5, 79, 117, 180, 1]"
9551,"[17, 22, 12]",[]
9483,[],"[52, 50, 11, 10, 129]"
9512,"[74, 9]",[]
9527,[],"[121, 46, 51, 58]"
9482,"[4, 4, 2]","[2, 4, 4, 18, 37, 18, 20, 7]"
9500,[],"[43, 76]"
9501,[],"[159, 62]"
9521,"[25, 28]","[122, 71, 6]"
9523,[],[]
9525,[],"[162, 6, 21, 36, 45, 21, 42, 110]"
9528,[],"[162, 6, 21, 36, 45, 21, 183]"
9541,[],[]
9545,"[6, 16, 8, 12]",[]
9574,[],[40]
9507,[],"[183, 0, 3, 42, 2, 4]"
9548,[],[]
9577,"[128, 1]","[175, 1, 34]"
13223,[],[]
13233,[],[]
13307,[],"[44, 18, 103, 104, 4]"
10838,[],[]
10935,[],[]
10970,[2],[1]
11150,[],"[30, 173, 49, 575, 0, 0, 150, 8, 0, 0]"
11042,"[86, 10, 63, 1, 17]","[45, 333, 50, 207, 1, 23, 1, 2, 2, 2, 2, 1, 2]"
11165,[],"[30, 173, 49, 575, 0, 0, 150, 8, 0, 0, 0]"
11013,[0],[]
11017,[],"[41, 6, 25]"
11025,[],[]
11045,"[86, 10, 63, 1, 17]","[45, 333, 50, 207, 1, 23, 1, 2, 2, 2, 2, 1, 5, 1, 2]"
11154,"[0, 0]","[2, 2, 0]"
10999,[],"[7, 1, 0, 1, 1, 5]"
11007,[6],"[2, 1, 81]"
11041,"[86, 10, 63, 1, 17]","[45, 333, 50, 207, 1, 23, 1, 2, 2, 2, 2, 1, 1]"
11347,[],[]
11872,[],[360]
11873,[],[1]
12022,[],[]
13286,"[0, 30, 1, 3, 1, 7, 4]","[9, 6, 15, 1, 0, 0]"
13320,[],[]
13337,"[128, 1, 84, 72]","[200, 329]"
11995,[],[]
13346,"[1, 78]","[266, 4, 4, 46, 1, 1, 1]"
13392,"[1, 78]","[266, 4, 4, 46, 1, 1, 1, 19, 98, 0, 32, 36, 1, 1, 1, 137, 4, 629, 749, 1, 38, 60, 32, 1, 149, 1, 1, 32, 19, 98, 1, 31, 1, 1, 1, 1, 2, 2, 30, 148, 4, 4, 1, 1, 335, 4, 32, 0, 2, 38, 4, 331]"
12031,[],"[65, 0]"
12033,[],"[30, 173, 49, 575, 0, 0, 150, 8, 0, 1]"
12090,[],"[63, 1069]"
12119,[],[]
12120,[],[]
12124,[],[359]
12483,[],"[30, 173, 49, 575, 0, 0, 150, 8, 0]"
12446,[],"[225, 6425]"
12449,[],[]
12509,[],[]
12513,[],[]
12580,[],[]
12538,[],"[44, 1, 1, 1, 1, 1, 1, 12, 12, 72, 72, 392, 30, 2, 31, 55, 277, 36, 1, 1]"
12831,[],[]
12800,[],[]
13867,[],[]
13865,[],[]
12926,[],[]
13405,[],[]
13407,[],[]
13411,[],[]
13413,[],[]
13417,[],[]
13437,[],[0]
13440,[],[]
13481,[],"[0, 8, 0]"
13510,[],[43]
13540,"[0, 0]","[0, 0, 0, 1777, 0, 1]"
13406,[],[]
13412,[],[0]
13435,[],"[0, 0, 0, 0, 0, 1]"
13472,[],"[180, 0, 1, 1, 1, 1, 567, 4, 0, 19, 0, 1, 0]"
13489,[],"[38, 0, 5, 0, 0, 3, 0]"
13491,[],"[0, 0]"
13492,[],[]
13493,[],[]
13495,[],[344]
12967,[],[]
13409,[],[]
13477,[],"[1, 20, 1, 1, 1, 101, 20, 45, 1, 1, 1, 1, 1, 33, 169, 33, 110, 10, 1, 876, 90, 667]"
13079,[],[]
13084,[888],[]
13426,[],"[55, 7, 20, 0, 27, 38]"
13504,[],"[16, 14, 23]"
13505,[],[]
13528,[],"[9, 0]"
13090,[],"[30, 173, 49, 575, 0, 0, 150, 8, 0, 0]"
13856,"[5, 0]","[1, 21, 4]"
13864,[],"[2, 2, 50, 5, 0, 0, 0, 0]"
13866,[],"[2, 2, 401]"
13558,[],"[0, 0, 0, 0, 0, 0, 0, 0, 0, 0]"
13568,[],[0]
13569,[],[0]
13571,[],[]
13582,[],[]
13637,[],"[0, 0, 0, 0, 19, 0, 0, 0, 0, 0, 19, 0, 0, 0]"
13543,[],[0]
13605,[],[]
13189,[],[1]
13196,[],"[0, 0]"
13567,[],[]
13570,[],[0]
13617,[],[]
13626,"[30, 0, 0]",[]
14044,[],"[0, 1, 2]"
14022,[],"[67, 0, 0, 2195]"
14018,[],[0]
14007,[],[0]
14040,[],"[67, 0, 0, 2174, 5631, 0, 0, 1018, 0, 0, 0, 1970, 0, 8803, 1237, 825, 8466, 0, 0, 0, 0]"
14046,[],[]
14058,[],"[4, 32]"
14080,[],"[0, 9, 203, 801, 42, 42, 4, 8, 7, 12, 6, 4, 0, 2, 4, 0]"
14083,[],"[0, 9, 203, 801, 42, 42, 4, 8, 7, 12, 6, 4, 0, 2, 4, 860, 0]"
14089,[],[0]
14084,[],"[0, 9, 203, 801, 42, 42, 4, 8, 7, 12, 6, 4, 0, 2, 4, 860, 0]"
14088,[],"[325, 0, 1106, 0, 2516, 2701]"
14085,[],"[0, 9, 203, 801, 42, 42, 4, 8, 7, 12, 6, 4, 0, 2, 4, 860, 0]"
14086,[],"[0, 9, 203, 801, 42, 42, 4, 8, 7, 12, 6, 4, 0, 2, 4, 860, 0]"
14093,[],"[325, 0, 1106, 0, 2516, 2701, 415, 2851, 0]"
14095,[],"[0, 9, 203, 801, 42, 42, 4, 8, 7, 12, 6, 4, 0, 2, 4, 860, 0, 0, 0]"
14096,[],"[0, 9, 203, 801, 42, 42, 4, 8, 7, 12, 6, 4, 0, 2, 4, 860, 0, 0, 0]"
14098,[],[0]
14099,[],[0]
14100,[],[0]
14102,[0],[]
14104,[],[0]
14105,[],[0]
14109,[],[0]
14110,[],[0]
14111,[],[0]
14112,[],[0]
14113,[],[0]
14114,[],[0]
14115,[],[0]
14116,[],[0]
14119,"[0, 0, 0]",[]
14242,[],[]
14244,[],[]
14247,[],"[0, 0]"
14264,[],[0]
14284,[],"[9, 0, 1, 0, 0, 0]"
14285,[],"[9, 0, 1, 0, 0, 0]"
14292,[],"[9, 0, 1, 0, 0, 0, 0, 0, 0, 0, 0, 0]"
14321,[],[0]
14327,[],[0]
14328,[],[0]
14334,[],[0]
14339,[],"[0, 8, 0, 0, 0, 0, 7, 19, 21]"
14340,[],[]
14342,[],[0]
14343,[],[]
14344,[],[]
14369,[],"[0, 0]"
14620,[4],"[8, 39, 64, 111, 0, 1, 9, 43, 0, 0, 102, 22, 4, 0, 18, 0]"
14611,[],"[0, 32]"
14608,[],"[0, 0, 0]"
14453,[],[]
14602,[],[0]
14600,[],"[0, 0]"
14642,[],"[614, 171, 0]"
14648,[4],"[8, 39, 64, 111, 0, 1, 9, 43, 0, 0, 102, 22, 4, 0, 18, 103, 0]"
14650,[4],"[8, 39, 64, 111, 0, 1, 9, 43, 0, 0, 102, 22, 4, 0, 18, 103, 0]"
14698,"[9, 1]",[]
15755,[],[]
15855,[],[249]
15757,[],[0]
17030,[],"[192, 0, 2]"
16963,[],[]
17182,[],[]
16948,[],"[13, 48, 8, 8, 2, 8, 1, 0]"
17183,[],[]
16947,[],"[614, 171, 332, 0]"
17272,[],[]
17283,"[261, 336, 0]","[1, 1]"
17409,[],[]
30139,[],[579]
30282,[],"[29, 2, 2, 0, 31]"
30255,[],"[16, 0, 0, 19, 16, 0, 4, 29, 0, 0, 4, 12, 16, 16, 4, 0, 29, 15, 4, 0, 0, 3, 4, 359, 6, 0, 20, 0, 0, 356, 0, 15, 5, 2, 0, 574, 0, 0, 0, 0, 0]"
30053,[],"[0, 0]"
23102,[],[0]
27808,[],[0]
28955,[],[0]
23730,[],[0]
27605,[],[0]
27604,[],"[614, 171, 0]"
29900,[],"[614, 171, 0]"
28854,[],"[614, 171, 0, 0]"
23101,[],"[614, 171, 0]"
23100,[],"[614, 171, 332, 0]"
20305,[],"[614, 171, 332, 0]"
23645,[],"[614, 171, 332, 0, 0]"
23099,[],"[614, 171, 332, 0]"
28818,[],[0]
23103,[],[0]
28988,[],[0]
27971,[],"[0, 0, 0, 0, 0]"
29993,"[4, 3, 4, 26, 1, 1, 6, 44, 0, 2]","[0, 13, 0, 0, 0, 2, 2, 20, 0, 24, 0, 0, 0, 0, 0, 0, 0, 0, 0, 0, 0, 0, 0, 0, 0, 0, 0, 0, 0, 0, 0, 0, 1, 2, 2, 0, 5, 5, 11, 53, 25, 0, 136, 0, 0, 0, 4, 0, 2, 12, 0, 9, 0, 0, 0, 9, 9, 0, 0, 0, 0, 9, 0]"
27809,[],[0]
27637,[],[0]
28003,[],[0]
23104,[],"[1, 0, 0]"
29011,[],[]
29012,"[1, 2, 7]","[1, 0, 0, 0]"
28820,[],"[61, 2, 0, 0]"
28822,[],"[61, 2, 4, 3, 0, 3]"
29297,[],[0]
29063,[],[0]
27825,[],"[13, 48, 8, 8, 2, 8, 1, 0]"
28326,[],"[13, 48, 8, 8, 2, 8, 1, 0, 0]"
28024,[],"[2, 2, 0]"
28461,[],"[65, 0]"
28332,[64],"[0, 114, 0]"
27807,[64],"[0, 114, 0, 0]"
28334,[],"[0, 0]"
27805,[],[0]
29986,[],"[0, 72]"
30154,[],"[614, 171, 521, 0, 543, 0, 174, 0]"
17895,[],[]
28932,[],[]
17475,[],[]
20273,[],[0]
17483,[3],[876]
27857,[],[]
28308,[],[]
17411,[],[]
28336,[4],"[8, 39, 64, 111, 0, 1, 9, 43, 0, 0, 102, 22, 4, 0, 18, 103, 0]"
17490,[4],"[8, 39, 64, 111, 0, 1, 9, 43, 0, 0, 102, 22, 4, 0, 18, 103, 0]"
27989,[],[0]
23343,[4],"[8, 39, 64, 111, 0, 1, 9, 43, 0, 0, 102, 22, 4, 0, 18, 103, 0]"
28022,[4],"[8, 39, 64, 111, 0, 1, 9, 43, 0, 0, 102, 22, 4, 0, 18, 103, 0]"
28023,[],[]
20330,[4],"[8, 39, 64, 111, 0, 1, 9, 43, 0, 0, 102, 22, 4, 0, 18, 103, 0, 0, 0]"
28029,[4],"[8, 39, 64, 111, 0, 1, 9, 43, 0, 0, 102, 22, 4, 0, 18, 103, 0, 0]"
29887,[4],"[8, 39, 64, 111, 0, 1, 9, 43, 0, 0, 102, 22, 4, 0, 18, 103, 0]"
28335,[4],"[8, 39, 64, 111, 0, 1, 9, 43, 0, 0, 102, 22, 4, 0, 18, 103, 0]"
30120,[4],"[8, 39, 64, 111, 0, 1, 9, 43, 0, 0, 102, 22, 4, 0, 18, 103, 0]"
28319,[4],"[8, 39, 64, 111, 0, 1, 9, 43, 0, 0, 102, 22, 4, 0, 18, 103, 0]"
24450,[4],"[8, 39, 64, 111, 0, 1, 9, 43, 0, 0, 102, 22, 4, 0, 18, 103, 0]"
24594,[4],"[8, 39, 64, 111, 0, 1, 9, 43, 0, 0, 102, 22, 4, 0, 18, 103, 0]"
30556,[4],"[8, 39, 64, 111, 0, 1, 9, 43, 0, 0, 102, 22, 4, 0, 18, 103, 0]"
28016,[4],"[8, 39, 64, 111, 0, 1, 9, 43, 0, 0, 102, 22, 4, 0, 18, 103, 0, 0, 0, 0]"
17476,[4],"[8, 39, 64, 111, 0, 1, 9, 43, 0, 0, 102, 22, 4, 0, 18, 103, 0]"
17474,[4],"[8, 39, 64, 111, 0, 1, 9, 43, 0, 0, 102, 22, 4, 0, 18, 103, 0]"
17417,[4],"[8, 39, 64, 111, 0, 1, 9, 43, 0, 0, 102, 22, 4, 0, 18, 103, 0, 0]"
28317,[4],"[8, 39, 64, 111, 0, 1, 9, 43, 0, 0, 102, 22, 4, 0, 18, 103, 0]"
27942,[4],"[8, 39, 64, 111, 0, 1, 9, 43, 0, 0, 102, 22, 4, 0, 18, 103, 0]"
21378,[],"[0, 0]"
27826,[],[]
27827,[4],"[8, 39, 64, 111, 0, 1, 9, 43, 0, 0, 102, 22, 4, 0, 18, 103, 0]"
28021,[4],"[8, 39, 64, 111, 0, 1, 9, 43, 0, 0, 102, 22, 4, 0, 18, 103, 0, 0, 0, 0, 0, 0, 0, 0]"
28402,[],[0]
27849,[],[]
27848,[4],"[8, 39, 64, 111, 0, 1, 9, 43, 0, 0, 102, 22, 4, 0, 18, 103, 0]"
27847,[],[]
27703,[],[]
28584,[4],"[8, 39, 64, 111, 0, 1, 9, 43, 0, 0, 102, 22, 4, 0, 18, 103, 0]"
20760,[4],"[8, 39, 64, 111, 0, 1, 9, 43, 0, 0, 102, 22, 4, 0, 18, 103, 0]"
17439,[],"[13, 0]"
17484,[3],[6]
17532,[],"[0, 0, 0, 0, 8840]"
18440,[3],[]
20296,[4],"[8, 39, 64, 111, 0, 1, 9, 43, 0, 0, 102, 22, 4, 0, 18, 103, 0]"
20304,"[32, 0]",[5232]
20313,[],"[614, 171, 332, 0, 30]"
20314,[],"[614, 171, 12]"
20315,[],[248]
20317,[],"[0, 3, 0]"
23131,[],[]
20909,[],[]
27941,[],[0]
27936,[],[0]
27940,[],[0]
21457,[],[]
21456,[],"[12, 1, 12]"
21407,[1],"[106, 31, 25, 37, 24, 1, 12, 12, 1, 1, 1, 15, 31]"
21436,[],[]
30554,[],[]
21441,[],[0]
21439,[],[0]
30484,[],[0]
21440,[],[]
21777,[],[]
21816,[],[0]
22192,[],[]
22860,[],"[1, 0, 0, 10, 0]"
22925,[],[0]
23077,"[1, 2, 7]","[1, 0, 0, 0, 0, 0, 1, 4, 0, 102]"
23227,[0],"[3, 0, 0]"
23238,"[1, 0, 24, 0, 5, 0, 2, 6, 0]","[0, 584, 1, 913, 8, 0, 0, 2, 0, 0, 1, 591, 0, 0, 0, 2, 0, 0, 0, 0, 0, 122, 0, 16, 10, 0, 16, 0, 0, 0, 0, 2, 0, 1, 4, 0, 9, 0, 0, 0, 0, 13, 24, 0, 16, 0, 0, 0, 0, 26, 13, 0, 0, 0, 7, 1]"
23297,"[121, 0]","[427, 412, 10, 220, 0, 851, 0]"
23314,[],"[1969, 0, 429, 412, 1898]"
23321,"[3, 0, 0, 0, 6, 0, 639, 20, 1, 0, 0, 397, 38, 137, 86, 69]",[]
23341,[],"[0, 174, 221]"
23342,[],"[0, 0, 0, 0, 0, 0, 0, 0, 0, 0, 6, 0, 0, 538]"
23688,[],[]
23411,"[120, 85, 4, 0]",[]
23593,[],[]
23643,"[1, 5, 0, 2, 0, 23, 0, 0, 2, 6, 176, 176, 3, 67, 2]","[199, 10]"
23742,[],[0]
23646,[],[]
23684,[],[16]
23769,"[23, 11, 2, 14, 87, 27, 2, 34, 19, 22]","[24, 0]"
23802,[],"[557, 16, 1, 5, 0, 0, 9, 9, 573, 18, 4, 9, 5, 0, 572, 572, 351, 97, 110, 178, 0, 29, 5, 5, 336, 0]"
23903,"[416, 0, 91, 12, 0, 0, 15]","[0, 0, 104, 6, 19, 10]"
24109,[],[0]
23936,"[7, 1, 133, 97, 15, 2, 2, 2, 12, 15, 18, 1, 241, 453, 39, 4]","[614, 171, 332, 102]"
24092,"[4, 3, 8]","[139, 0, 396, 0, 0, 5, 4, 1, 8, 0, 1, 0, 0, 0, 0, 116, 0, 11, 0, 0, 1, 0, 1, 12, 6, 0, 6, 18, 0, 5, 0, 22, 12, 0, 3, 0, 1, 1, 74, 36, 0, 34, 15, 0, 3, 0, 0, 0, 74, 2, 50, 69, 0, 0, 12, 0, 0, 116, 29, 104, 167, 1, 1, 65, 9, 0, 3, 0, 2, 91, 68, 6, 3, 10, 2, 6, 199, 3, 1, 1, 1, 5, 2, 55, 318, 0, 180, 0, 18, 3, 134, 22, 37, 17, 51, 198, 98, 78, 0, 252, 2, 2, 10, 0]"
25761,"[450, 742, 0, 0, 0, 0, 3109, 614]",[]
25692,[],[]
24273,[],[]
24216,"[2101, 1740, 0]","[0, 0]"
24219,"[5, 2, 1, 1, 1, 1, 5, 4, 4, 4, 9, 1, 0, 1, 1, 6, 2, 6, 14, 1, 1, 12, 2, 6, 7, 1, 3, 1, 3, 9, 1, 2, 11, 5, 1, 0, 1, 16, 22, 3, 8, 4, 2, 2, 0, 13, 18, 4, 4, 1]","[1, 0, 26, 26, 0, 0, 34, 29, 0, 0, 0, 0, 8, 14, 2, 6, 0, 6, 0, 3, 0, 1, 2, 5, 1, 2, 0, 1, 1, 6, 0, 0, 0, 0, 2, 2, 7, 9, 1, 1, 1, 2, 2, 1, 1, 1, 6, 131, 2, 0, 14, 62]"
24220,"[5, 2, 1, 1, 1, 1, 5, 4, 4, 4, 9, 1, 0, 1, 1, 6, 2, 6, 14, 1, 1, 12, 2, 6, 7, 1, 3, 1, 3, 9, 1, 2, 11, 5, 1, 0, 1, 16, 22, 3, 8, 4, 2, 2, 0, 13, 18, 4, 4, 1]","[1, 0, 26, 26, 0, 0, 34, 29, 0, 0, 0, 0, 8, 14, 2, 6, 0, 6, 0, 3, 0, 1, 2, 5, 1, 2, 0, 1, 1, 6, 0, 0, 0, 0, 2, 2, 7, 9, 1, 1, 1, 2, 2, 1, 1, 1, 6, 131, 2, 0, 14, 62]"
24225,[5],[1]
24227,[],[0]
24272,"[0, 3, 3, 201, 2]",[]
24311,"[28, 0, 0]","[9, 0, 9, 0, 128, 139, 0, 0, 151, 196, 18, 91, 1, 9, 28, 7, 100, 64, 118, 245]"
24446,[],[]
24449,[],[0]
24534,"[0, 2, 5, 0, 11, 7]",[]
24536,"[14, 75, 66, 2928, 86, 8, 174, 3, 412, 9, 730, 1, 1, 1, 163, 34, 62]",[250]
24541,[],[]
24577,"[4, 32]","[8, 39, 64, 111, 0, 1, 9, 43, 0, 0, 102, 22, 4, 0, 18, 103, 0, 0, 90, 0, 0, 47]"
24586,"[0, 2, 5, 0, 11, 7, 0]",[0]
24589,[4],"[8, 39, 64, 111, 0, 1, 9, 43, 0, 0, 102, 22, 4, 0, 18, 103, 27, 0, 0, 0]"
24596,[4],"[8, 39, 64, 111, 0, 1, 9, 43, 0, 0, 102, 22, 4, 0, 18, 103, 27, 0, 0, 0, 0]"
24592,[4],"[8, 39, 64, 111, 0, 1, 9, 43, 0, 0, 102, 22, 4, 0, 18, 103, 27, 0, 0, 0]"
24595,[4],"[8, 39, 64, 111, 0, 1, 9, 43, 0, 0, 102, 22, 4, 0, 18, 103, 27, 0, 0, 0, 0]"
24599,[4],"[8, 39, 64, 111, 0, 1, 9, 43, 0, 0, 102, 22, 4, 0, 18, 103, 27, 0, 0, 3, 0, 0, 0]"
24619,"[4, 0]","[8, 39, 64, 111, 0, 1, 9, 43, 0, 0, 102, 22, 4, 0, 18, 103, 0, 1, 16, 4, 1, 11, 0, 0, 12, 4, 5, 5]"
24699,"[2, 2, 1, 4, 8, 91, 8, 0, 2, 13, 3, 16, 15, 1, 14, 2, 8, 13, 3, 12, 9, 4, 0, 10, 13, 9]","[57, 414, 28, 30, 34, 32, 2, 2, 67, 40, 58, 260, 2, 1376, 48, 20, 138, 72, 24, 343, 0, 0, 46, 240, 2, 65, 9, 82, 19, 1, 1, 0, 71, 75, 5, 0, 235, 585, 818, 2, 398, 225, 1302]"
24720,[],"[4, 69, 0, 25, 4, 0, 47, 2, 2, 0, 4, 345, 2, 274, 971, 101, 2, 0, 291, 4, 1313, 147, 4, 154, 405, 23, 23, 26, 6, 6, 11, 10, 12, 1528, 2]"
24750,"[4, 5, 40, 1, 6]","[33, 2, 4, 61, 39, 0, 9, 67, 76, 191, 811, 1306, 506, 39, 0, 105]"
24751,[2390],"[174, 261, 108, 1218]"
24797,"[26, 1, 1, 1, 2, 23, 6, 1, 2, 1, 1, 20, 7, 1, 1, 1, 12, 19, 79, 2, 102, 79, 10, 72, 4, 44, 2, 4, 32]","[867, 0, 0, 5, 202, 28, 156, 124, 242, 255, 2, 415, 0, 37, 2, 29, 4, 2, 0, 4, 2, 1, 768, 5, 0, 14, 22, 40, 9, 10, 5, 0, 0, 6, 6, 10, 2, 20, 81, 105, 0, 99, 156, 23, 31, 14, 53, 128, 1, 144, 21, 47, 0, 66, 217, 91, 1, 82, 172, 111, 701, 0, 0, 0, 238, 193, 30, 34, 34, 4, 2, 26, 216, 12, 206, 4, 0, 326, 39, 12, 17, 1, 1, 2, 33, 0, 39, 63, 0, 33, 24, 24, 33, 79, 185]"
24913,"[0, 0, 65, 0, 0, 0, 6, 25, 47, 8, 3, 3, 11, 3, 4, 2, 138, 0, 6, 77, 217, 5, 2, 4, 142, 79, 10, 20, 17, 157, 0, 4, 22, 3864, 21, 415, 297, 0, 6, 404, 163, 0, 26, 38, 42, 89, 4, 22]","[0, 2, 0, 10, 15, 15, 30, 0, 15, 0, 15, 0, 15, 30, 0, 33, 0, 1111, 0, 93, 1701, 0, 0, 0]"
24921,[],[33]
24924,[],"[0, 32, 124, 488, 40]"
24937,"[2, 10, 0, 33, 38]",[]
24941,"[2, 10, 33]",[]
25303,"[321, 0, 0, 0, 448, 121, 2, 3, 2, 1295, 6, 0]",[]
24957,"[2, 10, 11, 0, 1, 1, 2, 2, 2, 2, 4, 4, 0, 3, 0, 19, 17]",[]
25431,"[74, 53, 0, 0, 0, 59, 168, 63, 22, 0, 53, 0, 41, 31, 0, 0, 21, 188, 2, 2, 0, 6, 0, 7, 14, 135, 0, 130, 10, 96, 231, 138, 137, 9, 35, 37, 12, 362, 7, 351, 222]","[0, 1962, 87, 0, 143, 0, 405, 776, 0, 0, 128, 0, 0, 0, 6, 0, 0, 0, 0, 0, 0, 0, 0, 0, 0, 0, 0, 0, 0, 0, 0, 0, 0, 0, 0]"
27813,[],[]
25462,"[22, 10, 3, 5, 30, 21, 0, 24, 21, 24, 7, 7, 7, 8, 34, 8, 87, 101, 159, 67, 3, 19, 33, 38, 30, 28, 35, 29, 182, 13, 126, 125, 27, 19, 205, 19]","[2234, 45, 570, 4, 21, 0, 18, 0, 36, 147, 167, 0, 0, 3, 3, 0, 30, 42, 0, 0, 0, 42, 30, 33, 0, 36, 33, 33, 33, 33, 54, 0, 69, 75, 63, 45, 36, 18, 18, 36, 37, 36, 36, 36, 75, 72, 0]"
25499,"[1138, 89, 89, 423, 176, 81, 7674, 6, 161, 27]","[0, 0, 0, 0, 0, 491, 0, 0, 0, 0, 0, 0, 0, 0, 0, 0, 0, 0, 0, 0, 0, 0, 0, 0, 0, 0, 1703, 0, 0, 0, 0, 0, 0, 0, 0, 0, 0, 0, 0, 0, 0, 0, 0, 0, 0, 0, 0, 0, 2, 0, 0, 0, 0, 0, 0, 0, 0, 0, 0, 928, 0, 0, 0, 0, 0, 0, 0, 0, 0, 0, 0, 0, 0, 2, 353, 0, 0, 27, 0, 268, 0, 268, 0, 272, 0, 0]"
25552,[],[0]
27004,"[29, 552, 69, 1556, 996, 1265, 34, 98, 101, 0, 49, 25, 25, 49, 0, 49, 11, 13, 5, 66, 71, 0, 60, 59, 72, 0, 76, 13, 12, 12, 1, 0, 3, 5, 59, 59, 1, 3, 61, 0, 4, 0, 61, 4, 4, 0, 380, 382, 0, 382, 0, 380, 4, 2, 23, 2236, 1, 14, 54, 29, 6, 35, 1, 2, 43, 37, 32, 166, 83, 433, 12, 23, 276, 85, 11, 1, 0, 15, 11, 1, 1, 2, 58, 49, 1, 73, 747, 246, 20, 48, 3, 27, 0, 253, 70, 16, 12, 11, 0, 15, 11, 16]","[2255, 0, 0, 0, 2259, 0, 0, 0, 0, 0, 338, 0, 0, 93, 99, 115, 20, 63, 0, 61, 36, 0, 0, 36, 0, 0, 3, 19, 19, 6, 1, 1, 1, 1, 1, 0, 0, 6, 24, 80, 80, 286, 0]"
25565,"[22, 0, 2600, 2709, 539, 0, 46, 2676, 333, 0, 564, 215, 188, 322, 18, 18, 79, 18, 470, 166, 8, 40, 59, 247, 265, 81, 132, 128, 33, 14, 35, 275, 42, 17, 37, 50, 12]",[]
25601,"[346, 0, 2688, 211, 264, 264, 258, 5874, 0, 0, 0]","[3005, 0]"
25588,"[1533, 303, 0, 303, 303, 334, 0, 0, 100, 0, 17, 0, 0, 157, 6564, 157, 18, 76, 106, 1637, 4, 0, 6, 1636, 1626, 398, 2291, 3, 3]","[32, 0, 39, 18, 0]"
25639,[],[]
25661,"[776, 10710]","[0, 0]"
25688,"[288, 66, 68, 68, 68, 78, 4, 4, 2, 9]",[]
25714,"[0, 6228, 0, 0]",[]
27438,[],"[0, 0, 0, 0, 0]"
25731,"[6, 120, 0, 0, 3, 3, 134, 328, 254, 2, 2, 0, 24, 0, 7, 7, 4, 4, 2, 2, 9, 2, 9, 1, 1]","[491, 301, 0, 0, 0, 0, 0, 0, 0, 0, 0, 0, 0, 0, 0, 0, 0, 0, 0, 0, 0, 0, 0, 0, 0, 149, 170, 0, 8, 1, 1, 0, 0, 0]"
25995,[],"[0, 0, 0, 0, 0, 0]"
25909,"[1444, 2821, 0, 0, 3121, 46, 201, 183, 16, 12, 14, 2, 18, 69, 0, 2, 646]","[0, 168, 172, 0, 159]"
25984,"[14836, 1524]",[]
26054,[0],"[0, 1, 0, 5629, 33, 978, 0, 0, 0, 0, 0, 0, 0, 0, 0, 0, 0, 0, 0, 0, 0, 0, 0, 0, 0]"
26052,"[1444, 2821, 0, 0, 3121, 46, 201, 183, 16, 12, 14, 2, 18, 69, 23, 12, 0, 15, 16, 11, 16, 12, 3, 16, 12, 16, 12, 1, 16, 12, 16, 12, 18, 2]","[0, 168, 172, 0, 159]"
26661,"[0, 0, 10]","[815, 668, 0, 15617, 0, 0, 0, 0, 0, 0, 0, 1, 0, 1, 0, 1, 0, 2, 0, 83, 0, 3, 1, 0, 3, 0, 0, 1, 0, 0, 3, 0, 0, 0, 1, 0, 0, 1, 1, 0, 0, 0]"
26056,"[824, 435, 154, 120, 127, 35, 209]",[1452]
26060,"[0, 0, 0]",[]
26083,"[3, 0, 5, 0, 3, 0, 67, 64, 65, 64, 71, 10, 0, 8, 108, 108, 69, 62]","[1232, 1847, 4581]"
26090,"[103, 11, 13, 10, 3, 7, 55, 0, 82, 13, 18]","[174, 46, 67, 111, 108, 124, 0, 335]"
26173,"[6214, 0]",[]
26166,"[0, 0, 2125, 2647, 0, 122, 0, 0, 304, 0, 220, 3403, 0, 1604, 0, 478, 0, 0, 0]",[]
26406,"[0, 561, 0]","[3, 0, 0, 60, 0]"
26198,[],[0]
26240,"[47, 0, 5, 86, 2054, 3, 3, 2174, 6, 8]","[2054, 6262, 5165, 160, 133, 156, 103, 198, 137, 210, 188, 112, 115, 117, 114, 140, 153, 582, 668, 0, 666, 695, 341, 261]"
26272,"[34, 0, 0, 0, 43, 0, 0, 2, 2, 0, 2, 0, 3, 9, 2899, 0, 0, 1, 2, 0, 557, 554, 4, 4, 5, 1, 2, 2, 1, 87, 4057, 4106, 1, 2, 9, 12, 8, 0, 0, 0, 2, 2]",[]
26281,"[415, 0, 3, 0, 101, 189, 1956, 154, 0, 63, 150, 148, 132, 131, 0, 33, 35, 18, 8, 2, 0, 7, 256, 79, 16, 7, 8, 33, 4, 0, 4, 10, 0, 2, 6, 146, 283, 0, 151, 8, 2, 4, 4, 8, 45, 0, 4]","[0, 0]"
26295,"[301, 0, 0, 0, 8484, 0, 55]",[]
27131,[],"[0, 0, 34, 0, 0, 0, 0, 0, 0, 0, 0, 0, 0, 0, 0, 0, 0, 0]"
26331,"[6214, 84, 0]",[]
26484,"[0, 0]","[57, 8963, 67, 0, 4463, 0, 0, 0, 0, 0, 0, 0, 0, 0, 0, 0, 0, 0, 0, 0, 0, 0, 0, 0, 0, 0, 0, 0, 0, 0, 0, 0]"
26384,[],[735]
26421,[],[]
26699,[],[]
26409,[],"[160, 108, 103, 196, 139, 210, 188, 110, 117, 114, 112, 140, 157, 580, 516]"
26434,[],"[0, 16, 16]"
27398,[],"[0, 0, 0, 6, 6, 2566, 2566, 0, 2566, 2571, 0]"
26485,"[173, 3, 12, 14, 3, 9, 11, 7, 6, 7, 14, 9, 1, 7, 1, 9, 9, 9, 7, 18, 7, 2, 41, 123, 10, 11, 20, 9, 16, 8, 11, 7, 8, 24, 11, 7, 17, 14, 17, 28, 7, 6, 50, 30, 7, 9, 8, 7, 31, 8, 1, 7, 7, 24, 7, 7, 9, 11, 3, 1, 2, 9, 14, 9, 34, 13, 429, 10, 11, 11, 1, 1, 9, 1, 27, 11, 2, 1, 0, 7, 7, 7]","[0, 0, 0, 0, 0, 0, 0, 0, 0, 0, 0, 0, 0, 0, 0, 0, 0, 0, 0, 0, 0, 0, 2079, 0, 0]"
27067,"[7, 7, 7, 7, 7, 7, 7, 7, 19, 7, 7, 14, 7, 7, 11, 7, 7, 19]","[0, 0, 0, 1, 0, 0, 0, 0, 0, 11424, 0, 0, 0, 0, 11424, 0, 0, 0, 0, 0, 0, 0, 0, 0, 0, 0, 0, 0, 11424, 11424, 0, 0, 0, 0, 0, 0, 0, 0, 0, 0, 0, 11424, 11424, 0, 0, 11424, 11424, 0, 0, 0, 0, 0, 0, 0, 0, 0, 0, 0, 0, 0, 0, 0, 0]"
27500,[],[]
26579,"[0, 83, 236, 72, 118, 73, 0, 10, 14, 89, 2, 2]","[0, 0, 6, 202, 97, 27, 1, 1, 1, 2, 2, 2239, 1874, 1136, 0, 0, 4786, 54]"
26580,"[0, 83, 236, 72, 118, 73, 0, 10, 14, 89, 2, 2]","[0, 0, 6, 202, 97, 27, 1, 1, 1, 2, 2, 2239, 1874, 1136, 0, 0, 4786, 54]"
26701,[],"[160, 103, 196, 0, 137, 210, 0, 190, 109, 115, 115, 112, 140, 157, 515, 749, 743, 88, 88]"
26715,"[0, 83, 236, 72, 118, 73, 0, 10, 14, 89, 2, 2]","[0, 0, 6, 202, 97, 27, 1, 1, 1, 2, 2, 2239, 1874, 1136, 0, 0, 4786, 0, 54, 45, 45, 33, 39, 48, 51, 54, 45, 39, 45, 48, 33, 36, 138, 114]"
26747,"[10, 0, 0, 0, 7403, 0, 3254, 53, 22, 38, 7, 26, 1, 85, 62, 114, 258, 259, 0, 0, 12, 0, 6383, 0, 0, 2, 0, 1, 57, 23, 51, 4, 253, 254, 0, 51, 0, 0, 1086, 85, 79, 1878, 0, 11194, 68, 68, 1, 7944]","[0, 0, 10738, 0, 7404, 0, 7416, 7416, 4096, 2, 135, 0, 95, 0, 0, 84, 0, 1, 1, 95, 11378, 1, 13, 0, 6580, 0, 1010, 13, 1, 0, 0, 0, 0, 0, 1973, 0, 0, 0, 0, 0, 0, 0, 0, 0, 0, 0, 0, 0, 0, 0, 0, 0, 0, 9918, 0, 0, 0]"
26811,[],"[0, 0, 0, 0, 0, 0, 0, 1407]"
27000,[5],"[16, 162, 133, 158, 103, 196, 137, 210, 188, 109, 115, 115, 112, 140, 157, 613, 664, 108, 16, 104, 806, 766, 0, 110, 108, 0, 90, 16, 79, 90]"
26853,[153],[]
26899,[],"[0, 0, 0, 189, 0, 0, 0, 0, 3, 0, 0, 538, 0, 0, 491, 0, 0, 392, 0, 0, 18, 0, 8793, 39, 33, 33, 10745, 57, 42, 42, 42, 84, 18217, 0, 0, 0, 0, 0, 0, 0, 0, 0, 0, 0, 0, 0, 0, 0, 0, 0, 0, 0, 0, 0, 0, 0, 0, 0, 0, 0]"
27033,"[0, 0, 10, 23, 100, 65, 165, 3, 49, 67]","[815, 668, 0, 15617, 0, 0, 0, 0, 0, 0, 0, 1, 0, 1, 0, 1, 0, 2, 0, 83, 0, 3, 1, 0, 3, 0, 0, 1, 0, 0, 3, 0, 0, 0, 1, 0, 0, 1, 1, 0, 0, 0, 0, 2, 0, 0, 0, 0, 0, 0, 0, 1, 0, 143, 1, 0, 1, 0, 0, 0, 0, 0, 0, 0, 146, 0, 0, 0, 38, 0, 0, 0, 0, 0, 0]"
26948,"[15, 108, 9, 4]",[]
26957,[],[]
26961,"[0, 0, 0, 4, 0, 0, 0, 0, 2, 3357]","[0, 1287]"
26977,"[296, 299, 172, 287, 287, 287, 346, 0, 0, 0, 469, 0, 265, 0, 3030, 735]","[924, 431, 0, 802, 802, 0, 802]"
26987,[],"[176, 131, 156, 104, 194, 137, 210, 188, 109, 117, 0, 0, 115, 110, 138, 0, 157, 580, 668, 740]"
27002,"[749, 2, 0, 36, 0, 5, 14, 0, 2, 0, 28, 30, 31, 12, 0, 0, 1, 20, 9, 4, 2112, 30, 27, 32, 4, 172, 85, 1, 19, 1]","[0, 186, 325, 141, 0, 137, 151, 270, 0, 87]"
27008,[],"[0, 5055, 91, 11, 5210, 45, 273, 176, 116, 271, 247, 350, 45, 223, 180, 208, 216, 0, 131, 299, 849, 1081]"
27027,[],[161]
27208,[],"[0, 0, 0, 0, 0, 0, 0, 0, 0, 0, 0, 0, 0, 0, 0, 0, 0, 0, 0, 0, 0, 0, 0]"
27045,"[8792, 0, 0]","[0, 0, 0, 0, 0, 0, 0, 0, 0, 0, 0, 0, 0, 0, 0, 0, 0, 0, 0, 0, 0, 0, 0, 0, 0, 0, 0]"
27360,[0],"[27, 0, 0, 27, 27, 0, 0, 0, 0, 0, 0, 761, 0, 0, 0, 0, 0, 0, 0, 0, 0, 0, 0, 0, 0, 0, 0, 0, 0, 0, 0, 0, 0, 0, 0, 0, 0, 0, 0]"
27086,[],[8681]
27636,[],"[160, 131, 158, 104, 196, 137, 210, 190, 109, 0, 117, 115]"
27169,[],"[195, 131, 156, 103, 196, 0, 139, 210, 188, 109, 117, 113, 0, 114, 140, 159, 0, 578, 662, 768]"
27326,[],"[1, 0, 2219, 0, 0, 0, 0, 0, 0, 0, 0, 0, 0, 0, 0, 0, 0, 0, 0, 0, 0]"
27223,"[268, 57, 0]",[123]
27275,[],"[489, 18, 499, 42, 18, 21, 30, 36, 45, 48, 0, 0, 128, 179, 42, 36, 42, 45, 30, 33, 93, 135, 111]"
27302,"[0, 8, 472]",[]
27323,[],"[5165, 151, 147, 240, 238, 97, 205, 151, 221, 0, 172, 120, 115, 114, 125, 0, 114, 172, 599, 683, 0, 742, 742]"
27322,[0],"[0, 338, 0, 203, 176, 134, 158, 511, 493, 0, 317, 418, 386, 276, 295, 0, 298, 285, 283, 344, 886, 1445, 1132, 28133, 2, 28298]"
27329,[],"[164, 133, 158, 103, 194, 139, 210, 188, 110, 115, 115, 112, 140, 157, 578, 664, 765]"
27389,[],"[0, 0, 0, 0, 0, 0, 0, 0, 0, 0, 0, 0, 0, 0, 0, 0, 8, 0, 0, 0, 0, 0, 0, 0, 0, 0, 0]"
27414,"[242, 9, 9, 22, 149, 6, 6, 12, 0, 1625, 0, 0, 78, 0, 49, 0, 468, 0, 161, 238, 0, 1729, 128, 146, 77, 105, 52, 0, 105, 0, 54, 0, 0, 79, 1, 248, 83, 5, 53, 4, 4, 125, 1853]","[0, 4, 547, 0, 0, 10927, 1687, 0, 122, 2, 3, 0, 1, 2, 0, 2, 17, 0, 0, 0]"
27381,[],"[489, 0, 0, 81, 45, 45, 45, 60, 54, 45, 39, 45, 48, 30, 36, 96, 138, 114]"
27395,[0],[]
27399,"[0, 0, 0, 4, 0, 0, 0, 0, 2, 0, 0, 0, 0, 0, 0, 18021]","[0, 1287, 17]"
27464,[],"[1105, 658, 26, 0, 0, 0, 0, 76, 361]"
27484,[0],"[0, 579, 0, 0, 0, 0, 0, 0, 0, 0, 0, 0, 0, 0, 0, 15, 0, 0, 0]"
27506,"[0, 83, 236, 72, 118, 73, 0, 10, 14, 89, 2, 2]","[0, 0, 6, 202, 97, 27, 1, 1, 1, 2, 2, 2239, 1874, 1136, 0, 0, 4786, 4786, 0, 200, 1163, 69, 69, 295, 268, 503, 164, 720, 51, 48, 54, 0, 57, 0, 0, 36, 96, 138, 114, 72, 36, 39, 594, 0]"
27510,"[85, 18625, 410, 18822, 556, 0, 0, 556, 14627, 27]",[]
27526,[],"[160, 131, 156, 103, 196, 137, 210, 188, 111, 115, 115, 112, 140, 157, 578, 662, 766, 261, 160, 0, 131, 156, 103, 196, 137, 210, 188, 109, 115, 115, 112, 140, 157, 578, 0, 0, 664, 766]"
27547,"[219, 0, 0, 0, 0, 0, 0, 0, 29, 0, 0, 0, 0, 137, 2029, 0, 1992, 0, 33, 94, 1, 12, 13, 50, 2052, 121, 0, 121, 0, 0, 0, 0]",[]
27552,"[9, 5, 6, 37, 6, 4, 0, 4, 31, 22, 0, 16, 23, 5, 0, 27]","[0, 151, 269, 460, 33, 3, 4, 0, 9, 30, 0, 0, 0, 60, 3, 27, 0, 1, 27, 30, 3]"
27583,[],"[0, 0, 0, 0, 0, 0, 0, 0, 0, 0, 0, 0, 0, 0, 0, 0, 0, 0, 9658, 0, 0, 0, 0, 26760, 0, 0, 0, 0, 0]"
27587,"[6, 12, 0, 0, 3, 3, 3, 0, 0, 0, 0, 467, 0, 3, 0, 17, 3, 3, 4, 3, 4, 123, 6, 2, 23, 2, 4, 7, 7, 19, 10, 10, 8, 4, 8, 3]",[]
27597,"[2, 7]","[5163, 131, 156, 276, 252, 196, 137, 212, 188, 0, 111, 115, 115, 110, 0, 140, 157, 578, 0, 662, 741]"
27603,[],"[614, 171, 332, 89, 40, 6, 10, 1, 1]"
27638,[],"[0, 61, 0, 20, 7, 7, 1, 0, 6, 0]"
27634,[],"[160, 291, 766, 662, 578, 157, 140, 112]"
27697,"[5, 4, 5, 44, 7, 117, 15]","[2, 35, 0, 31, 0, 74, 0, 79, 13, 1, 18, 14, 12, 119, 78, 402, 0, 0, 0, 2723, 0]"
27730,"[31, 71, 95, 70, 35, 11800, 0]","[1263, 3, 1257, 0, 0, 0, 0, 0, 0, 0, 0, 3, 0, 3, 0, 0, 0, 0, 0, 0, 0, 0, 0, 0, 0, 0, 0, 0, 0, 0]"
27755,[],"[50, 1, 18, 1, 49, 86, 1]"
27768,"[2, 2, 2, 1, 1, 1, 1, 2, 2]","[1, 1]"
27774,[],"[1, 0, 1, 0, 0]"
27776,[],[]
27804,"[14, 16, 2]","[1, 1]"
27811,[],"[0, 69]"
27824,[],"[13, 48, 8, 8, 62, 4, 2, 7, 37, 3, 15, 3, 0]"
27830,"[0, 37]",[]
27864,[4],"[8, 39, 64, 111, 0, 1, 9, 43, 0, 0, 102, 22, 4, 0, 18, 103, 0, 463]"
27888,[],"[0, 0, 0, 0, 0, 0, 0, 0, 0, 0, 0, 0, 0, 0, 0, 0, 0, 0]"
27845,[],"[19, 2, 39, 0, 0, 28, 2, 2, 4, 4, 1, 0]"
27846,[],[]
28582,[],[]
27949,[],"[113, 0, 20, 42, 0]"
27961,[],[]
27963,[],"[30, 173, 49, 575, 0, 0, 150, 8, 6, 3]"
28007,[],"[30, 173, 49, 575, 0, 0, 150, 8, 6, 3]"
27979,[],"[2, 2, 140, 37, 0, 0, 11, 2]"
28002,[],"[0, 0, 0, 0, 0, 0, 0, 0, 0, 0, 1, 0, 0, 0, 0, 0, 0]"
28008,[],"[0, 11, 0, 119, 0, 17]"
28068,"[78, 0, 2]","[65, 0, 0, 41, 735, 68, 60, 0, 183, 0, 0, 0, 0, 6, 5]"
28099,"[3, 8, 0, 94]","[2, 2, 93, 7, 7, 1, 90, 4, 4, 0, 0]"
28086,[],"[30, 173, 49, 575, 0, 0, 150, 8, 11, 15, 64, 0, 29, 38, 28, 43, 51, 0, 0, 0]"
28202,"[4, 0, 0, 2, 0, 2, 5, 21, 17, 10, 3, 28, 20, 1, 12, 0, 71]","[2, 2, 28, 12, 59, 69, 9, 95, 31, 9, 0, 35, 2, 42, 0, 0, 31, 0]"
28215,"[4, 3, 4]","[0, 13, 0, 0, 0, 2, 2, 20, 0, 24, 0, 0, 0, 0, 0, 0, 0, 0, 0, 0, 178, 0, 0]"
28209,[],"[65, 610]"
28214,"[3, 8, 0, 0]","[2, 2]"
28221,"[1, 2, 0, 0, 0]","[30, 173, 49, 575, 0, 0, 150, 8]"
28229,"[0, 0, 73, 0]","[30, 173, 49, 575, 0, 0, 150, 8]"
28239,[8],"[65, 56, 4, 4, 38, 4, 0, 0]"
28246,[],"[51, 4, 10, 4, 4, 56]"
28274,"[0, 0, 0, 0, 0, 0, 0, 25]","[2, 2, 1058, 0, 566, 0, 0, 0, 0, 0, 0, 0]"
28284,"[0, 0, 0, 0, 308, 0, 137, 0, 0]",[65]
28285,[],"[30, 173, 49, 575, 0, 0, 150, 8]"
28286,"[0, 0]","[30, 173, 49, 575, 0, 0, 150, 8, 5, 0, 4, 0, 41]"
28316,[4],"[8, 39, 64, 111, 0, 1, 9, 43, 0, 0, 102, 22, 4, 0, 18, 103, 0, 0, 0, 64, 63]"
28320,[],"[52, 0]"
28325,[],"[1, 0, 0]"
28331,[],"[1, 7, 18, 19, 19, 20, 24, 5, 16, 0]"
28399,"[4, 0, 4, 0, 3]","[8, 39, 64, 111, 0, 1, 9, 43, 0, 0, 102, 22, 4, 0, 18, 103, 566, 32, 0, 1, 0, 1, 4, 22, 0, 0, 0, 1, 0, 43, 0, 21, 13, 0, 6, 13, 9, 0, 8, 1, 30, 0, 0, 0, 71, 12, 2, 0, 0, 13, 8, 9, 0, 6, 161, 7, 186, 11, 39, 2, 0, 1, 1]"
28406,[4],"[8, 39, 64, 111, 0, 1, 9, 43, 0, 0, 102, 22, 4, 0, 18, 103, 0, 0, 551]"
28413,[0],"[0, 0, 0]"
29750,[],"[0, 1, 0, 0, 0]"
28460,[],[]
28518,"[3, 8, 0, 94, 59, 0, 41, 0, 0, 38, 38, 0, 0, 0, 0, 0, 0, 0, 2, 0, 38, 410, 10, 0, 1]","[2, 2, 93, 7, 7, 1, 90, 4, 4, 0, 13, 1, 1, 0, 38, 27, 95, 95, 1, 1, 1, 0, 1, 3, 2, 1, 3, 0, 0, 0, 1, 107, 2, 52, 55, 1, 0, 55, 32, 0, 53, 158]"
28532,[],"[65, 0, 396, 12, 4, 4, 0, 4, 75, 55, 72, 65, 57]"
28581,"[0, 4, 0, 10, 5, 5, 2, 7, 18]","[30, 173, 49, 575, 0, 0, 150, 8, 6, 24, 52, 0, 52, 25, 48, 17, 3, 6, 7, 25, 17, 21, 25, 33, 24, 12, 15, 0, 40, 4]"
28670,"[6, 0, 1, 0, 2, 6, 6]","[59, 33, 3, 0, 0, 3, 3, 3, 3, 3, 189, 1, 208, 0, 0, 0, 0, 0, 3, 0, 0, 1, 0, 0, 1, 0, 0, 0, 3, 0, 3, 0, 1, 3, 1, 0, 0, 0, 0, 5, 0, 0, 0, 0, 0, 0, 1, 1, 0, 0, 0, 0, 0, 0, 0, 0, 0, 1, 0, 54, 0, 0, 0, 118, 0, 0, 0, 0, 0, 428, 0]"
28701,[],"[2, 0, 0, 1]"
28704,[],[]
28731,"[1, 4]","[0, 13, 951, 0, 1, 0, 0, 1, 71, 12, 0, 5, 1, 1, 1, 1, 6, 42, 39, 2, 1, 1, 33, 6, 0, 184, 4, 66, 68, 1, 7, 0, 1, 40, 1, 1]"
28761,"[0, 3]","[35, 22, 2, 2, 2, 4, 15]"
28810,"[3, 19]","[1, 1, 1, 1, 3, 7]"
28817,"[0, 0, 0, 891, 4, 0, 128, 18, 0, 5, 0, 6, 0, 1, 0, 0, 0, 6, 5, 5, 123, 0, 55, 1012, 348, 3, 5, 5, 0, 0]","[31, 0, 1, 73, 84, 0, 144, 0, 0, 268, 208, 13, 142, 172, 1, 2, 278, 326, 120]"
28824,[],"[13, 48, 8, 8, 63, 7]"
28830,[],"[1, 0, 0, 1, 1, 1, 1]"
28831,[],[]
28832,[],[]
28846,"[1, 10, 1, 1, 2, 0, 1, 1, 0, 0, 0]",[2]
28847,[],[]
28872,[],"[614, 171, 6, 1, 1, 1, 10, 0, 1, 0, 1, 0, 1, 1, 2, 59, 0, 0, 0, 16]"
28887,[],[]
29058,[],"[33, 250]"
29060,[],"[0, 70]"
29067,[],"[59, 2, 1, 1]"
29070,[],"[1, 0, 2, 2]"
29101,"[14, 67]","[205, 4]"
29148,[],"[0, 1]"
29158,[],"[1, 0, 0, 0, 0, 1, 0, 0, 8, 1, 19]"
29255,[],"[38, 0, 0, 6, 0, 0]"
29296,"[0, 7]","[118, 7, 2, 1, 28, 0, 7]"
29327,[1],"[1, 60, 279, 219, 136, 1, 6, 88, 2, 22, 567]"
29332,[],"[0, 0, 0, 33]"
29341,"[1, 2, 7]","[1, 0, 0, 0, 86, 24, 0, 24, 0, 58]"
29518,[153],"[30, 173, 49, 575, 0, 0, 150, 8, 10, 5, 0]"
29525,[],[]
29606,[],"[0, 0, 21, 0, 144, 0, 0, 20, 0, 1, 1]"
29706,[],"[65, 6, 10, 441, 0, 65, 28, 0]"
29712,"[19, 10, 0, 54, 27, 7, 0, 1, 147, 3]","[13, 48, 8, 8, 0, 0, 4, 756]"
29729,"[2, 19, 4, 1, 2, 4, 1, 1, 2]","[0, 0, 0, 0, 12, 6, 0, 22, 3, 2, 7, 6, 247, 72, 0, 72, 37, 0, 7, 0, 1, 17, 2, 18, 232, 76, 18, 15, 37, 15, 15, 0, 16, 2, 0, 5]"
29744,"[9, 68, 88, 61, 0]",[]
29821,[],"[2, 1, 2, 1, 2, 1, 203, 6, 7, 1, 9, 32, 23, 0, 0, 0, 0, 8, 0, 14, 0, 0, 9, 0]"
29892,"[27, 2]","[124, 1, 0, 3, 6, 30, 5, 8, 43, 1, 6, 34, 1, 1, 3, 1]"
29951,"[6, 30, 0, 1327]","[0, 1, 0, 2, 5]"
29966,[],"[1, 0, 0, 5, 131]"
30032,[],"[384, 0, 0, 0, 341, 1, 0]"
30087,[],"[614, 171, 0, 0, 88, 3, 2, 0, 0, 1, 0, 0, 32, 0, 67, 0, 7, 41, 20, 7, 1, 0, 0, 1, 2, 16, 3, 3, 3, 6, 3, 3, 1, 2, 0, 26, 3, 4, 13, 35, 38, 1, 3, 1, 2, 0, 16, 0, 0]"
30110,[],"[0, 0, 0, 49, 0, 0, 0, 0, 0, 0, 0, 0, 0, 0, 0, 0, 12, 0, 0, 0]"
30114,[],"[614, 171, 332, 94, 0]"
30115,[],"[614, 171, 332, 49]"
30186,"[1, 0]","[367, 1, 0, 0, 0, 0, 1, 0, 1, 0, 1, 0, 0, 0, 7, 0, 0, 266]"
30553,[],[0]
30326,"[1, 616, 2, 0, 0, 2, 1, 5, 0, 0, 4, 0, 2, 0, 1, 0, 0]","[0, 3, 3, 528, 3, 0, 0, 366, 4, 0, 0, 3, 3, 12, 0, 0, 3, 0, 4, 16, 0, 13, 7, 0, 4, 0, 0, 0, 4, 7, 4, 4, 0, 0, 0, 0, 0, 12, 4, 4, 0, 12, 9, 0, 16, 4, 0, 20, 4, 0, 18, 4, 0, 15, 4, 12, 4, 15, 4, 30, 4, 3, 4, 0, 0, 4, 4, 3, 4, 17, 12, 4, 18, 20, 11, 1, 1, 1, 0, 0, 5, 0, 0, 0, 0, 2, 0, 1, 5, 24]"
30338,"[1, 1, 0, 4, 1, 0]","[4, 0, 0, 0, 4, 3, 4, 575, 1]"
30347,[],[]
30510,"[21, 2, 10, 2, 7, 32, 9]","[17, 20, 59, 7, 3, 8, 0, 0, 0, 0, 0, 0, 4]"
30531,[],[]
30528,"[263, 0, 0, 28, 0, 0, 0, 0, 0, 0, 0, 0]","[1420, 1281, 1313, 1242]"
30529,[],[415]
30539,[],[0]
