id,time_taken
6552,[]
6553,[]
6562,[]
6563,[]
6564,[]
6568,[]
6569,[]
6586,[]
6672,[]
6701,[]
6750,[]
6797,"[datetime.timedelta(seconds=7, microseconds=239208)]"
6809,[]
6731,[]
6747,[]
6754,[]
6746,[]
6753,[]
6793,[]
6732,[]
6736,"[datetime.timedelta(seconds=25, microseconds=969640)]"
6740,[]
6764,[]
6794,"[datetime.timedelta(seconds=7, microseconds=239208), datetime.timedelta(seconds=59, microseconds=411171)]"
6954,[]
6956,[]
7005,[]
7034,[]
6971,"[datetime.timedelta(seconds=49, microseconds=911938), datetime.timedelta(seconds=113, microseconds=487926)]"
6946,[]
6973,[]
7092,"[datetime.timedelta(seconds=27, microseconds=279048), datetime.timedelta(seconds=11, microseconds=719042), datetime.timedelta(seconds=5, microseconds=163959), datetime.timedelta(seconds=6, microseconds=170123)]"
7002,"[datetime.timedelta(seconds=8, microseconds=190173), datetime.timedelta(seconds=6, microseconds=528636)]"
7007,[]
7045,"[datetime.timedelta(seconds=178, microseconds=332076)]"
7047,[]
7067,[]
7261,[]
7280,"[datetime.timedelta(seconds=32, microseconds=810446), datetime.timedelta(seconds=361, microseconds=439732), datetime.timedelta(seconds=72, microseconds=806931), datetime.timedelta(seconds=51, microseconds=592604), datetime.timedelta(seconds=7, microseconds=507270)]"
7281,[]
7119,"[datetime.timedelta(seconds=42, microseconds=61371), datetime.timedelta(seconds=8, microseconds=142129), datetime.timedelta(seconds=10, microseconds=801514)]"
7120,[]
7265,[]
7286,[]
7294,"[datetime.timedelta(seconds=8, microseconds=190173), datetime.timedelta(seconds=6, microseconds=528636)]"
7402,[]
7420,[]
7432,[]
7518,"[datetime.timedelta(seconds=5, microseconds=363184)]"
7380,[]
7381,"[datetime.timedelta(seconds=36, microseconds=50610)]"
7453,"[datetime.timedelta(seconds=367, microseconds=410729), datetime.timedelta(seconds=9, microseconds=825561), datetime.timedelta(seconds=3, microseconds=691819)]"
7379,[]
7384,[]
7415,[]
7392,[]
7438,[]
7447,[]
7504,[]
7517,"[datetime.timedelta(seconds=38, microseconds=261285), datetime.timedelta(seconds=523, microseconds=889041)]"
7519,"[datetime.timedelta(seconds=8, microseconds=190173)]"
7646,[]
7753,"[datetime.timedelta(seconds=36, microseconds=50610), datetime.timedelta(seconds=497, microseconds=729597), datetime.timedelta(seconds=4294, microseconds=803149), datetime.timedelta(seconds=99, microseconds=231968), datetime.timedelta(seconds=29, microseconds=400469), datetime.timedelta(seconds=26, microseconds=477427), datetime.timedelta(seconds=13, microseconds=376560), datetime.timedelta(seconds=36, microseconds=775748), datetime.timedelta(seconds=12, microseconds=74952), datetime.timedelta(seconds=4, microseconds=338663), datetime.timedelta(seconds=11, microseconds=323350), datetime.timedelta(seconds=5, microseconds=22992)]"
7799,"[datetime.timedelta(seconds=36, microseconds=50610), datetime.timedelta(seconds=497, microseconds=729597), datetime.timedelta(seconds=4294, microseconds=803149), datetime.timedelta(seconds=99, microseconds=231968), datetime.timedelta(seconds=29, microseconds=400469), datetime.timedelta(seconds=26, microseconds=477427), datetime.timedelta(seconds=13, microseconds=376560)]"
7816,"[datetime.timedelta(seconds=7, microseconds=802968), datetime.timedelta(seconds=103, microseconds=332677), datetime.timedelta(seconds=15, microseconds=387474), datetime.timedelta(seconds=12, microseconds=559368), datetime.timedelta(seconds=216, microseconds=503395), datetime.timedelta(seconds=1755, microseconds=332020)]"
7691,[]
7692,[]
7698,[]
7796,"[datetime.timedelta(seconds=58, microseconds=46043), datetime.timedelta(seconds=552, microseconds=716081), datetime.timedelta(seconds=47, microseconds=653897), datetime.timedelta(seconds=62, microseconds=455194)]"
7814,"[datetime.timedelta(seconds=49, microseconds=911938), datetime.timedelta(seconds=113, microseconds=487926)]"
7817,"[datetime.timedelta(seconds=36, microseconds=50610), datetime.timedelta(seconds=497, microseconds=729597), datetime.timedelta(seconds=4294, microseconds=803149), datetime.timedelta(seconds=99, microseconds=231968), datetime.timedelta(seconds=29, microseconds=400469), datetime.timedelta(seconds=26, microseconds=477427), datetime.timedelta(seconds=13, microseconds=376560)]"
7605,"[datetime.timedelta(seconds=8, microseconds=190173), datetime.timedelta(seconds=6, microseconds=528636)]"
7693,"[datetime.timedelta(seconds=8, microseconds=190173), datetime.timedelta(seconds=6, microseconds=528636)]"
7696,"[datetime.timedelta(seconds=36, microseconds=50610), datetime.timedelta(seconds=177, microseconds=680740), datetime.timedelta(seconds=7, microseconds=579712), datetime.timedelta(seconds=217, microseconds=749081), datetime.timedelta(seconds=36, microseconds=415973), datetime.timedelta(seconds=278, microseconds=892013), datetime.timedelta(seconds=115, microseconds=402738), datetime.timedelta(seconds=20, microseconds=927708), datetime.timedelta(seconds=15, microseconds=713652), datetime.timedelta(seconds=60, microseconds=816875), datetime.timedelta(seconds=16, microseconds=407116)]"
7607,"[datetime.timedelta(seconds=282, microseconds=901159)]"
7769,"[datetime.timedelta(seconds=58, microseconds=46043), datetime.timedelta(seconds=552, microseconds=716081), datetime.timedelta(seconds=47, microseconds=653897)]"
7787,"[datetime.timedelta(seconds=58, microseconds=46043), datetime.timedelta(seconds=552, microseconds=716081), datetime.timedelta(seconds=47, microseconds=653897), datetime.timedelta(seconds=558, microseconds=850485)]"
7795,"[datetime.timedelta(seconds=58, microseconds=46043), datetime.timedelta(seconds=552, microseconds=716081), datetime.timedelta(seconds=47, microseconds=653897), datetime.timedelta(seconds=261, microseconds=461327)]"
7813,"[datetime.timedelta(seconds=49, microseconds=911938), datetime.timedelta(seconds=113, microseconds=487926)]"
7884,"[datetime.timedelta(seconds=49, microseconds=911938), datetime.timedelta(seconds=113, microseconds=487926)]"
7888,"[datetime.timedelta(seconds=5, microseconds=363184)]"
7917,"[datetime.timedelta(seconds=12, microseconds=487253)]"
7971,[]
7810,"[datetime.timedelta(seconds=36, microseconds=50610), datetime.timedelta(seconds=497, microseconds=729597), datetime.timedelta(seconds=4294, microseconds=803149), datetime.timedelta(seconds=99, microseconds=231968), datetime.timedelta(seconds=29, microseconds=400469), datetime.timedelta(seconds=26, microseconds=477427), datetime.timedelta(seconds=13, microseconds=376560)]"
7818,"[datetime.timedelta(seconds=36, microseconds=50610)]"
7822,[]
7885,"[datetime.timedelta(seconds=49, microseconds=911938), datetime.timedelta(seconds=113, microseconds=487926)]"
7890,"[datetime.timedelta(seconds=5, microseconds=363184)]"
7882,[]
7883,"[datetime.timedelta(seconds=49, microseconds=911938)]"
7886,"[datetime.timedelta(seconds=5, microseconds=363184)]"
7889,"[datetime.timedelta(seconds=5, microseconds=363184)]"
7891,"[datetime.timedelta(seconds=5, microseconds=363184)]"
7902,[]
7926,"[datetime.timedelta(seconds=8, microseconds=190173), datetime.timedelta(seconds=13, microseconds=445925)]"
7982,[]
8043,"[datetime.timedelta(seconds=8, microseconds=883679), datetime.timedelta(seconds=80, microseconds=606861)]"
7880,[]
7887,"[datetime.timedelta(seconds=5, microseconds=363184)]"
7895,"[datetime.timedelta(seconds=8, microseconds=190173)]"
7901,[]
7905,[]
7930,"[datetime.timedelta(seconds=53, microseconds=7543)]"
8039,"[datetime.timedelta(seconds=36, microseconds=357907)]"
8030,"[datetime.timedelta(seconds=82, microseconds=493505), datetime.timedelta(seconds=15, microseconds=767934), datetime.timedelta(seconds=75, microseconds=249417), datetime.timedelta(seconds=226, microseconds=244390)]"
8052,"[datetime.timedelta(seconds=58, microseconds=46043), datetime.timedelta(seconds=552, microseconds=716081), datetime.timedelta(seconds=47, microseconds=653897), datetime.timedelta(seconds=177, microseconds=507439), datetime.timedelta(seconds=390, microseconds=996806), datetime.timedelta(seconds=16, microseconds=60268)]"
8098,[]
8101,[]
8127,[]
8136,[]
8147,"[datetime.timedelta(seconds=36, microseconds=50610)]"
8173,"[datetime.timedelta(seconds=36, microseconds=50610), datetime.timedelta(seconds=177, microseconds=680740), datetime.timedelta(seconds=7, microseconds=579712), datetime.timedelta(seconds=217, microseconds=749081), datetime.timedelta(seconds=36, microseconds=415973), datetime.timedelta(seconds=278, microseconds=892013), datetime.timedelta(seconds=115, microseconds=402738), datetime.timedelta(seconds=20, microseconds=927708), datetime.timedelta(seconds=15, microseconds=713652), datetime.timedelta(seconds=60, microseconds=816875), datetime.timedelta(seconds=16, microseconds=407116)]"
8178,"[datetime.timedelta(seconds=58, microseconds=46043), datetime.timedelta(seconds=552, microseconds=716081), datetime.timedelta(seconds=47, microseconds=653897), datetime.timedelta(seconds=25, microseconds=171960), datetime.timedelta(seconds=9, microseconds=967583), datetime.timedelta(seconds=9, microseconds=461144)]"
8233,[]
8412,"[datetime.timedelta(seconds=36, microseconds=50610), datetime.timedelta(seconds=113, microseconds=216559)]"
8131,"[datetime.timedelta(seconds=220, microseconds=390998)]"
8145,[]
8152,[]
8170,[]
8213,[]
8232,[]
8234,"[datetime.timedelta(seconds=36, microseconds=50610)]"
8237,[]
8302,"[datetime.timedelta(seconds=132, microseconds=529310), datetime.timedelta(seconds=340, microseconds=894734)]"
8150,[]
8214,[]
8218,[]
8135,[]
8151,[]
8293,[]
8353,"[datetime.timedelta(seconds=67, microseconds=499621), datetime.timedelta(seconds=218, microseconds=581630)]"
8363,"[datetime.timedelta(seconds=465, microseconds=434808), datetime.timedelta(seconds=78060, microseconds=520925), datetime.timedelta(seconds=12, microseconds=354619)]"
8331,"[datetime.timedelta(seconds=482, microseconds=108883)]"
8430,"[datetime.timedelta(seconds=897, microseconds=400505)]"
8391,[]
8454,"[datetime.timedelta(seconds=465, microseconds=434808), datetime.timedelta(seconds=78060, microseconds=520925), datetime.timedelta(seconds=12, microseconds=354619)]"
8467,[]
8477,[]
8508,[]
8518,"[datetime.timedelta(seconds=199, microseconds=691857), datetime.timedelta(seconds=88, microseconds=483751), datetime.timedelta(seconds=24, microseconds=620380), datetime.timedelta(seconds=15, microseconds=550425), datetime.timedelta(seconds=22, microseconds=812028), datetime.timedelta(seconds=47, microseconds=81996), datetime.timedelta(seconds=11, microseconds=572814)]"
8530,"[datetime.timedelta(seconds=933, microseconds=605806)]"
8389,"[datetime.timedelta(seconds=465, microseconds=434808), datetime.timedelta(seconds=78060, microseconds=520925), datetime.timedelta(seconds=12, microseconds=354619)]"
8392,"[datetime.timedelta(seconds=465, microseconds=434808), datetime.timedelta(seconds=78060, microseconds=520925), datetime.timedelta(seconds=12, microseconds=354619)]"
8436,"[datetime.timedelta(seconds=36, microseconds=50610), datetime.timedelta(seconds=89, microseconds=880161)]"
8445,"[datetime.timedelta(seconds=465, microseconds=434808), datetime.timedelta(seconds=78060, microseconds=520925), datetime.timedelta(seconds=12, microseconds=354619)]"
8462,[]
8483,"[datetime.timedelta(seconds=465, microseconds=434808), datetime.timedelta(seconds=78060, microseconds=520925), datetime.timedelta(seconds=12, microseconds=354619), datetime.timedelta(seconds=6, microseconds=365788)]"
8492,[]
8500,"[datetime.timedelta(seconds=8, microseconds=190173), datetime.timedelta(seconds=6, microseconds=528636)]"
8501,"[datetime.timedelta(seconds=465, microseconds=434808), datetime.timedelta(seconds=78060, microseconds=520925), datetime.timedelta(seconds=12, microseconds=354619), datetime.timedelta(seconds=5, microseconds=721462)]"
8503,"[datetime.timedelta(seconds=7, microseconds=802968), datetime.timedelta(seconds=103, microseconds=332677), datetime.timedelta(seconds=15, microseconds=387474), datetime.timedelta(seconds=12, microseconds=559368), datetime.timedelta(seconds=216, microseconds=503395), datetime.timedelta(seconds=1755, microseconds=332020)]"
8448,"[datetime.timedelta(seconds=465, microseconds=434808), datetime.timedelta(seconds=78060, microseconds=520925), datetime.timedelta(seconds=12, microseconds=354619)]"
8488,"[datetime.timedelta(seconds=1479, microseconds=716578)]"
8491,"[datetime.timedelta(seconds=58, microseconds=46043), datetime.timedelta(seconds=552, microseconds=716081), datetime.timedelta(seconds=47, microseconds=653897), datetime.timedelta(seconds=25, microseconds=171960), datetime.timedelta(seconds=9, microseconds=967583), datetime.timedelta(seconds=9, microseconds=461144)]"
8569,"[datetime.timedelta(seconds=465, microseconds=434808), datetime.timedelta(seconds=78060, microseconds=520925), datetime.timedelta(seconds=12, microseconds=354619), datetime.timedelta(seconds=5, microseconds=721462), datetime.timedelta(seconds=38, microseconds=154205)]"
8632,"[datetime.timedelta(seconds=294, microseconds=665944), datetime.timedelta(seconds=30, microseconds=819528), datetime.timedelta(seconds=6, microseconds=256864)]"
8636,"[datetime.timedelta(seconds=312, microseconds=801481), datetime.timedelta(seconds=37, microseconds=330027), datetime.timedelta(seconds=64, microseconds=179752), datetime.timedelta(seconds=16, microseconds=98072), datetime.timedelta(seconds=8, microseconds=90021), datetime.timedelta(seconds=13, microseconds=566771), datetime.timedelta(seconds=145, microseconds=546006), datetime.timedelta(seconds=3, microseconds=841564)]"
8647,"[datetime.timedelta(seconds=7, microseconds=732977)]"
8673,"[datetime.timedelta(seconds=465, microseconds=434808), datetime.timedelta(seconds=78060, microseconds=520925), datetime.timedelta(seconds=12, microseconds=354619)]"
8750,"[datetime.timedelta(seconds=17, microseconds=60218)]"
8672,"[datetime.timedelta(seconds=465, microseconds=434808), datetime.timedelta(seconds=78060, microseconds=520925), datetime.timedelta(seconds=12, microseconds=354619)]"
8687,"[datetime.timedelta(seconds=11, microseconds=738018), datetime.timedelta(seconds=52, microseconds=773940)]"
8895,"[datetime.timedelta(seconds=24, microseconds=446680), datetime.timedelta(seconds=173, microseconds=97671), datetime.timedelta(seconds=21, microseconds=202124), datetime.timedelta(seconds=65, microseconds=8250), datetime.timedelta(seconds=24, microseconds=470684), datetime.timedelta(seconds=19, microseconds=913655), datetime.timedelta(seconds=28, microseconds=335514), datetime.timedelta(seconds=63, microseconds=170766), datetime.timedelta(seconds=632, microseconds=209465), datetime.timedelta(seconds=19, microseconds=807527), datetime.timedelta(seconds=35, microseconds=568669), datetime.timedelta(seconds=540, microseconds=234720)]"
8941,"[datetime.timedelta(seconds=91, microseconds=490089)]"
8966,"[datetime.timedelta(seconds=36, microseconds=50610), datetime.timedelta(seconds=15, microseconds=692059), datetime.timedelta(seconds=5, microseconds=219638), datetime.timedelta(seconds=19, microseconds=654356)]"
9021,"[datetime.timedelta(seconds=5, microseconds=363184)]"
9119,"[datetime.timedelta(seconds=4, microseconds=675028), datetime.timedelta(seconds=30, microseconds=92938)]"
9017,"[datetime.timedelta(seconds=377, microseconds=987153), datetime.timedelta(seconds=19, microseconds=16994), datetime.timedelta(seconds=266, microseconds=583031), datetime.timedelta(seconds=11, microseconds=335203), datetime.timedelta(seconds=1507, microseconds=545175), datetime.timedelta(seconds=8, microseconds=471598), datetime.timedelta(seconds=1068, microseconds=593912), datetime.timedelta(seconds=16, microseconds=743648), datetime.timedelta(seconds=98, microseconds=705712), datetime.timedelta(seconds=101, microseconds=379428), datetime.timedelta(seconds=27, microseconds=65428), datetime.timedelta(seconds=1411, microseconds=477666), datetime.timedelta(seconds=20, microseconds=603730), datetime.timedelta(seconds=21, microseconds=412502), datetime.timedelta(seconds=123, microseconds=883711), datetime.timedelta(seconds=12, microseconds=838528), datetime.timedelta(seconds=19, microseconds=781563), datetime.timedelta(seconds=108, microseconds=154067), datetime.timedelta(seconds=8, microseconds=944801), datetime.timedelta(seconds=29, microseconds=972477), datetime.timedelta(seconds=22, microseconds=421477), datetime.timedelta(seconds=30, microseconds=783445), datetime.timedelta(seconds=63, microseconds=894654), datetime.timedelta(seconds=10, microseconds=198934), datetime.timedelta(seconds=377, microseconds=955131), datetime.timedelta(seconds=17, microseconds=474872), datetime.timedelta(seconds=117, microseconds=858439), datetime.timedelta(seconds=100, microseconds=24077)]"
9026,[]
9028,[]
9252,"[datetime.timedelta(seconds=23, microseconds=594182)]"
9452,"[datetime.timedelta(seconds=180, microseconds=589177)]"
9024,[]
9058,"[datetime.timedelta(seconds=7, microseconds=740237), datetime.timedelta(seconds=4, microseconds=278008), datetime.timedelta(seconds=7, microseconds=29660), datetime.timedelta(seconds=12, microseconds=538889), datetime.timedelta(seconds=7, microseconds=505191)]"
9094,[]
9221,"[datetime.timedelta(seconds=5, microseconds=363184)]"
9018,"[datetime.timedelta(seconds=49, microseconds=911938)]"
9019,"[datetime.timedelta(seconds=49, microseconds=911938)]"
9020,"[datetime.timedelta(seconds=49, microseconds=911938), datetime.timedelta(seconds=113, microseconds=487926)]"
9054,[]
9079,[]
9095,[]
9111,"[datetime.timedelta(seconds=6, microseconds=871393)]"
9223,[]
9441,"[datetime.timedelta(seconds=11, microseconds=201017)]"
9244,[]
9254,"[datetime.timedelta(seconds=15111, microseconds=963393)]"
9296,"[datetime.timedelta(seconds=7, microseconds=732977), datetime.timedelta(seconds=13, microseconds=693493), datetime.timedelta(seconds=5, microseconds=340955), datetime.timedelta(seconds=5, microseconds=275379), datetime.timedelta(seconds=4, microseconds=555013), datetime.timedelta(seconds=10, microseconds=625527)]"
9247,"[datetime.timedelta(seconds=43, microseconds=235328), datetime.timedelta(seconds=21417, microseconds=805164), datetime.timedelta(seconds=9, microseconds=310097)]"
9322,"[datetime.timedelta(seconds=9, microseconds=362205), datetime.timedelta(seconds=21, microseconds=505453), datetime.timedelta(seconds=47, microseconds=213926), datetime.timedelta(seconds=4, microseconds=220381), datetime.timedelta(seconds=201, microseconds=717206)]"
9335,"[datetime.timedelta(seconds=128, microseconds=851084), datetime.timedelta(seconds=3303, microseconds=335903)]"
9336,[]
9345,"[datetime.timedelta(seconds=58, microseconds=46043), datetime.timedelta(seconds=552, microseconds=716081), datetime.timedelta(seconds=47, microseconds=653897), datetime.timedelta(seconds=25, microseconds=171960), datetime.timedelta(seconds=9, microseconds=967583), datetime.timedelta(seconds=9, microseconds=461144)]"
9382,[]
9383,[]
9384,[]
9462,"[datetime.timedelta(seconds=416, microseconds=559035)]"
9463,[]
9267,"[datetime.timedelta(seconds=43, microseconds=235328), datetime.timedelta(seconds=21417, microseconds=805164), datetime.timedelta(seconds=9, microseconds=310097), datetime.timedelta(seconds=63, microseconds=57275)]"
9481,"[datetime.timedelta(seconds=438, microseconds=190791)]"
9490,"[datetime.timedelta(seconds=6, microseconds=857675), datetime.timedelta(seconds=172, microseconds=379968)]"
9486,"[datetime.timedelta(seconds=36, microseconds=50610), datetime.timedelta(seconds=497, microseconds=729597), datetime.timedelta(seconds=4294, microseconds=803149), datetime.timedelta(seconds=99, microseconds=231968), datetime.timedelta(seconds=29, microseconds=400469), datetime.timedelta(seconds=26, microseconds=477427), datetime.timedelta(seconds=13, microseconds=376560)]"
9488,"[datetime.timedelta(seconds=11, microseconds=201017), datetime.timedelta(seconds=722, microseconds=332626)]"
9491,"[datetime.timedelta(seconds=189, microseconds=854471), datetime.timedelta(seconds=240, microseconds=322978)]"
9549,"[datetime.timedelta(seconds=12, microseconds=708292), datetime.timedelta(seconds=4, microseconds=884829)]"
9551,"[datetime.timedelta(seconds=456, microseconds=725115)]"
9483,[]
9512,[]
9527,"[datetime.timedelta(seconds=202, microseconds=966345), datetime.timedelta(seconds=8, microseconds=316835)]"
9482,"[datetime.timedelta(seconds=85, microseconds=50963), datetime.timedelta(seconds=57, microseconds=410), datetime.timedelta(seconds=11, microseconds=59378), datetime.timedelta(seconds=22, microseconds=333518)]"
9500,[]
9501,[]
9521,"[datetime.timedelta(seconds=163, microseconds=396628)]"
9523,[]
9525,[]
9528,[]
9541,"[datetime.timedelta(seconds=20, microseconds=319498)]"
9545,[]
9574,[]
9507,[]
9548,[]
9577,"[datetime.timedelta(seconds=256, microseconds=740755)]"
13223,[]
13233,"[datetime.timedelta(seconds=4, microseconds=323854)]"
13307,[]
10838,[]
10935,[]
10970,"[datetime.timedelta(seconds=12, microseconds=187530)]"
11150,"[datetime.timedelta(seconds=36, microseconds=50610)]"
11042,"[datetime.timedelta(seconds=245, microseconds=490472), datetime.timedelta(seconds=239, microseconds=425221)]"
11165,"[datetime.timedelta(seconds=36, microseconds=50610)]"
11013,"[datetime.timedelta(seconds=54, microseconds=23156)]"
11017,[]
11025,[]
11045,"[datetime.timedelta(seconds=245, microseconds=490472), datetime.timedelta(seconds=239, microseconds=425221)]"
11154,[]
10999,"[datetime.timedelta(seconds=11, microseconds=85391), datetime.timedelta(seconds=11, microseconds=256846), datetime.timedelta(seconds=8, microseconds=433849)]"
11007,"[datetime.timedelta(seconds=31, microseconds=24486)]"
11041,"[datetime.timedelta(seconds=245, microseconds=490472), datetime.timedelta(seconds=239, microseconds=425221)]"
11347,[]
11872,[]
11873,[]
12022,[]
13286,"[datetime.timedelta(seconds=150, microseconds=45132), datetime.timedelta(seconds=414, microseconds=127303), datetime.timedelta(seconds=7, microseconds=167045), datetime.timedelta(seconds=72, microseconds=997994)]"
13320,[]
13337,"[datetime.timedelta(seconds=97, microseconds=192912), datetime.timedelta(seconds=6, microseconds=989263), datetime.timedelta(seconds=40, microseconds=157216)]"
11995,[]
13346,"[datetime.timedelta(seconds=577, microseconds=246269), datetime.timedelta(seconds=420, microseconds=585420)]"
13392,"[datetime.timedelta(seconds=577, microseconds=246269), datetime.timedelta(seconds=420, microseconds=585420)]"
12031,[]
12033,"[datetime.timedelta(seconds=36, microseconds=50610)]"
12090,[]
12119,[]
12120,[]
12124,[]
12483,"[datetime.timedelta(seconds=36, microseconds=50610)]"
12446,[]
12449,"[datetime.timedelta(seconds=5, microseconds=832010)]"
12509,[]
12513,[]
12580,[]
12538,"[datetime.timedelta(seconds=96, microseconds=304303), datetime.timedelta(seconds=11, microseconds=518713)]"
12831,[]
12800,[]
13867,[]
13865,[]
12926,[]
13405,[]
13407,[]
13411,[]
13413,[]
13417,[]
13437,[]
13440,[]
13481,[]
13510,[]
13540,"[datetime.timedelta(seconds=660, microseconds=66492), datetime.timedelta(seconds=11, microseconds=734840)]"
13406,[]
13412,[]
13435,[]
13472,[]
13489,[]
13491,[]
13492,[]
13493,[]
13495,[]
12967,[]
13409,[]
13477,[]
13079,[]
13084,"[datetime.timedelta(seconds=1379, microseconds=69360)]"
13426,"[datetime.timedelta(seconds=5, microseconds=304517)]"
13504,[]
13505,[]
13528,"[datetime.timedelta(seconds=41, microseconds=311871)]"
13090,"[datetime.timedelta(seconds=36, microseconds=50610)]"
13856,"[datetime.timedelta(seconds=145, microseconds=496157)]"
13864,"[datetime.timedelta(seconds=4, microseconds=264301)]"
13866,[]
13558,[]
13568,[]
13569,[]
13571,[]
13582,[]
13637,[]
13543,[]
13605,[]
13189,[]
13196,[]
13567,[]
13570,[]
13617,[]
13626,[]
14044,[]
14022,[]
14018,[]
14007,[]
14040,[]
14046,[]
14058,[]
14080,[]
14083,[]
14089,[]
14084,[]
14088,[]
14085,[]
14086,[]
14093,[]
14095,[]
14096,[]
14098,[]
14099,[]
14100,[]
14102,[]
14104,[]
14105,[]
14109,[]
14110,[]
14111,[]
14112,[]
14113,[]
14114,[]
14115,[]
14116,[]
14119,[]
14242,[]
14244,[]
14247,[]
14264,[]
14284,[]
14285,[]
14292,[]
14321,[]
14327,[]
14328,[]
14334,[]
14339,[]
14340,[]
14342,[]
14343,[]
14344,[]
14369,[]
14620,"[datetime.timedelta(seconds=6, microseconds=373475), datetime.timedelta(seconds=9, microseconds=955317), datetime.timedelta(seconds=17, microseconds=64909), datetime.timedelta(seconds=32, microseconds=443721)]"
14611,[]
14608,[]
14453,[]
14602,[]
14600,[]
14642,[]
14648,"[datetime.timedelta(seconds=6, microseconds=373475), datetime.timedelta(seconds=9, microseconds=955317), datetime.timedelta(seconds=17, microseconds=64909), datetime.timedelta(seconds=32, microseconds=443721)]"
14650,"[datetime.timedelta(seconds=6, microseconds=373475), datetime.timedelta(seconds=9, microseconds=955317), datetime.timedelta(seconds=17, microseconds=64909), datetime.timedelta(seconds=32, microseconds=443721)]"
14698,[]
15755,[]
15855,[]
15757,[]
17030,[]
16963,[]
17182,"[datetime.timedelta(seconds=63, microseconds=482004)]"
16948,"[datetime.timedelta(seconds=8, microseconds=190173), datetime.timedelta(seconds=6, microseconds=528636)]"
17183,[]
16947,[]
17272,[]
17283,"[datetime.timedelta(seconds=40, microseconds=402177), datetime.timedelta(seconds=24, microseconds=160593), datetime.timedelta(seconds=182, microseconds=28084)]"
17409,[]
30139,[]
30282,[]
30255,[]
30053,[]
23102,[]
27808,[]
28955,[]
23730,[]
27605,[]
27604,[]
29900,[]
28854,[]
23101,[]
23100,[]
20305,[]
23645,[]
23099,[]
28818,[]
23103,[]
28988,[]
27971,[]
29993,"[datetime.timedelta(seconds=66, microseconds=906719), datetime.timedelta(seconds=73, microseconds=400340), datetime.timedelta(seconds=21, microseconds=413058), datetime.timedelta(seconds=74, microseconds=582479), datetime.timedelta(seconds=46, microseconds=655243), datetime.timedelta(seconds=209, microseconds=188085), datetime.timedelta(seconds=7, microseconds=758687), datetime.timedelta(seconds=21, microseconds=527543), datetime.timedelta(seconds=10, microseconds=623726), datetime.timedelta(seconds=11, microseconds=925187)]"
27809,[]
27637,[]
28003,[]
23104,"[datetime.timedelta(seconds=49, microseconds=911938)]"
29011,[]
29012,"[datetime.timedelta(seconds=49, microseconds=911938), datetime.timedelta(seconds=113, microseconds=487926)]"
28820,"[datetime.timedelta(seconds=5, microseconds=363184)]"
28822,"[datetime.timedelta(seconds=5, microseconds=363184)]"
29297,[]
29063,[]
27825,"[datetime.timedelta(seconds=8, microseconds=190173), datetime.timedelta(seconds=6, microseconds=528636)]"
28326,"[datetime.timedelta(seconds=8, microseconds=190173), datetime.timedelta(seconds=6, microseconds=528636)]"
28024,[]
28461,[]
28332,"[datetime.timedelta(seconds=53, microseconds=7543)]"
27807,"[datetime.timedelta(seconds=53, microseconds=7543)]"
28334,[]
27805,[]
29986,[]
30154,[]
17895,[]
28932,[]
17475,[]
20273,[]
17483,"[datetime.timedelta(seconds=44, microseconds=20307)]"
27857,[]
28308,[]
17411,[]
28336,"[datetime.timedelta(seconds=6, microseconds=373475), datetime.timedelta(seconds=9, microseconds=955317), datetime.timedelta(seconds=17, microseconds=64909), datetime.timedelta(seconds=32, microseconds=443721)]"
17490,"[datetime.timedelta(seconds=6, microseconds=373475), datetime.timedelta(seconds=9, microseconds=955317), datetime.timedelta(seconds=17, microseconds=64909), datetime.timedelta(seconds=32, microseconds=443721)]"
27989,[]
23343,"[datetime.timedelta(seconds=6, microseconds=373475), datetime.timedelta(seconds=9, microseconds=955317), datetime.timedelta(seconds=17, microseconds=64909), datetime.timedelta(seconds=32, microseconds=443721)]"
28022,"[datetime.timedelta(seconds=6, microseconds=373475), datetime.timedelta(seconds=9, microseconds=955317), datetime.timedelta(seconds=17, microseconds=64909), datetime.timedelta(seconds=32, microseconds=443721)]"
28023,[]
20330,"[datetime.timedelta(seconds=6, microseconds=373475), datetime.timedelta(seconds=9, microseconds=955317), datetime.timedelta(seconds=17, microseconds=64909), datetime.timedelta(seconds=32, microseconds=443721)]"
28029,"[datetime.timedelta(seconds=6, microseconds=373475), datetime.timedelta(seconds=9, microseconds=955317), datetime.timedelta(seconds=17, microseconds=64909), datetime.timedelta(seconds=32, microseconds=443721)]"
29887,"[datetime.timedelta(seconds=6, microseconds=373475), datetime.timedelta(seconds=9, microseconds=955317), datetime.timedelta(seconds=17, microseconds=64909), datetime.timedelta(seconds=32, microseconds=443721)]"
28335,"[datetime.timedelta(seconds=6, microseconds=373475), datetime.timedelta(seconds=9, microseconds=955317), datetime.timedelta(seconds=17, microseconds=64909), datetime.timedelta(seconds=32, microseconds=443721)]"
30120,"[datetime.timedelta(seconds=6, microseconds=373475), datetime.timedelta(seconds=9, microseconds=955317), datetime.timedelta(seconds=17, microseconds=64909), datetime.timedelta(seconds=32, microseconds=443721)]"
28319,"[datetime.timedelta(seconds=6, microseconds=373475), datetime.timedelta(seconds=9, microseconds=955317), datetime.timedelta(seconds=17, microseconds=64909), datetime.timedelta(seconds=32, microseconds=443721)]"
24450,"[datetime.timedelta(seconds=6, microseconds=373475), datetime.timedelta(seconds=9, microseconds=955317), datetime.timedelta(seconds=17, microseconds=64909), datetime.timedelta(seconds=32, microseconds=443721)]"
24594,"[datetime.timedelta(seconds=6, microseconds=373475), datetime.timedelta(seconds=9, microseconds=955317), datetime.timedelta(seconds=17, microseconds=64909), datetime.timedelta(seconds=32, microseconds=443721)]"
30556,"[datetime.timedelta(seconds=6, microseconds=373475), datetime.timedelta(seconds=9, microseconds=955317), datetime.timedelta(seconds=17, microseconds=64909), datetime.timedelta(seconds=32, microseconds=443721)]"
28016,"[datetime.timedelta(seconds=6, microseconds=373475), datetime.timedelta(seconds=9, microseconds=955317), datetime.timedelta(seconds=17, microseconds=64909), datetime.timedelta(seconds=32, microseconds=443721)]"
17476,"[datetime.timedelta(seconds=6, microseconds=373475), datetime.timedelta(seconds=9, microseconds=955317), datetime.timedelta(seconds=17, microseconds=64909), datetime.timedelta(seconds=32, microseconds=443721)]"
17474,"[datetime.timedelta(seconds=6, microseconds=373475), datetime.timedelta(seconds=9, microseconds=955317), datetime.timedelta(seconds=17, microseconds=64909), datetime.timedelta(seconds=32, microseconds=443721)]"
17417,"[datetime.timedelta(seconds=6, microseconds=373475), datetime.timedelta(seconds=9, microseconds=955317), datetime.timedelta(seconds=17, microseconds=64909), datetime.timedelta(seconds=32, microseconds=443721)]"
28317,"[datetime.timedelta(seconds=6, microseconds=373475), datetime.timedelta(seconds=9, microseconds=955317), datetime.timedelta(seconds=17, microseconds=64909), datetime.timedelta(seconds=32, microseconds=443721)]"
27942,"[datetime.timedelta(seconds=6, microseconds=373475), datetime.timedelta(seconds=9, microseconds=955317), datetime.timedelta(seconds=17, microseconds=64909), datetime.timedelta(seconds=32, microseconds=443721)]"
21378,[]
27826,[]
27827,"[datetime.timedelta(seconds=6, microseconds=373475), datetime.timedelta(seconds=9, microseconds=955317), datetime.timedelta(seconds=17, microseconds=64909), datetime.timedelta(seconds=32, microseconds=443721)]"
28021,"[datetime.timedelta(seconds=6, microseconds=373475), datetime.timedelta(seconds=9, microseconds=955317), datetime.timedelta(seconds=17, microseconds=64909), datetime.timedelta(seconds=32, microseconds=443721)]"
28402,[]
27849,[]
27848,"[datetime.timedelta(seconds=6, microseconds=373475), datetime.timedelta(seconds=9, microseconds=955317), datetime.timedelta(seconds=17, microseconds=64909), datetime.timedelta(seconds=32, microseconds=443721)]"
27847,[]
27703,[]
28584,"[datetime.timedelta(seconds=6, microseconds=373475), datetime.timedelta(seconds=9, microseconds=955317), datetime.timedelta(seconds=17, microseconds=64909), datetime.timedelta(seconds=32, microseconds=443721)]"
20760,"[datetime.timedelta(seconds=6, microseconds=373475), datetime.timedelta(seconds=9, microseconds=955317), datetime.timedelta(seconds=17, microseconds=64909), datetime.timedelta(seconds=32, microseconds=443721)]"
17439,[]
17484,"[datetime.timedelta(seconds=44, microseconds=20307)]"
17532,[]
18440,[]
20296,"[datetime.timedelta(seconds=6, microseconds=373475), datetime.timedelta(seconds=9, microseconds=955317), datetime.timedelta(seconds=17, microseconds=64909), datetime.timedelta(seconds=32, microseconds=443721)]"
20304,"[datetime.timedelta(seconds=206, microseconds=321768)]"
20313,[]
20314,[]
20315,[]
20317,[]
23131,[]
20909,[]
27941,[]
27936,[]
27940,[]
21457,[]
21456,[]
21407,"[datetime.timedelta(seconds=50, microseconds=193869), datetime.timedelta(seconds=21, microseconds=212856)]"
21436,[]
30554,[]
21441,[]
21439,[]
30484,[]
21440,[]
21777,[]
21816,[]
22192,[]
22860,"[datetime.timedelta(seconds=49, microseconds=911938), datetime.timedelta(seconds=91, microseconds=176872)]"
22925,[]
23077,"[datetime.timedelta(seconds=49, microseconds=911938), datetime.timedelta(seconds=113, microseconds=487926), datetime.timedelta(seconds=9, microseconds=504352)]"
23227,"[datetime.timedelta(seconds=30, microseconds=292068)]"
23238,"[datetime.timedelta(seconds=51, microseconds=633271), datetime.timedelta(seconds=81, microseconds=215243), datetime.timedelta(seconds=11, microseconds=608527), datetime.timedelta(seconds=794, microseconds=769584), datetime.timedelta(seconds=8, microseconds=471286)]"
23297,"[datetime.timedelta(seconds=78, microseconds=954483), datetime.timedelta(seconds=219, microseconds=783135), datetime.timedelta(seconds=28, microseconds=672587)]"
23314,[]
23321,"[datetime.timedelta(days=1, seconds=35713, microseconds=942232)]"
23341,[]
23342,"[datetime.timedelta(seconds=86, microseconds=448381)]"
23688,[]
23411,"[datetime.timedelta(seconds=182, microseconds=596293)]"
23593,[]
23643,"[datetime.timedelta(seconds=25, microseconds=152222), datetime.timedelta(seconds=36, microseconds=273714), datetime.timedelta(seconds=66, microseconds=268741), datetime.timedelta(seconds=17, microseconds=214422), datetime.timedelta(seconds=181, microseconds=867624), datetime.timedelta(seconds=245, microseconds=43255)]"
23742,[]
23646,[]
23684,[]
23769,"[datetime.timedelta(seconds=109, microseconds=526418), datetime.timedelta(seconds=127, microseconds=162221)]"
23802,"[datetime.timedelta(seconds=12, microseconds=344706)]"
23903,"[datetime.timedelta(days=1, seconds=69123, microseconds=764503), datetime.timedelta(seconds=7, microseconds=725682), datetime.timedelta(seconds=112, microseconds=641764)]"
24109,[]
23936,"[datetime.timedelta(seconds=1467, microseconds=239468)]"
24092,"[datetime.timedelta(seconds=22, microseconds=293587), datetime.timedelta(seconds=23, microseconds=729417), datetime.timedelta(seconds=59, microseconds=643911), datetime.timedelta(seconds=23, microseconds=233390), datetime.timedelta(seconds=42, microseconds=71459), datetime.timedelta(seconds=64, microseconds=381397), datetime.timedelta(seconds=7, microseconds=366769), datetime.timedelta(seconds=13, microseconds=337589), datetime.timedelta(seconds=88, microseconds=955901)]"
25761,"[datetime.timedelta(seconds=13635, microseconds=934857)]"
25692,[]
24273,[]
24216,[]
24219,"[datetime.timedelta(seconds=1032, microseconds=504686), datetime.timedelta(seconds=224, microseconds=610655), datetime.timedelta(seconds=32, microseconds=864712), datetime.timedelta(seconds=310, microseconds=462772), datetime.timedelta(seconds=12, microseconds=794909), datetime.timedelta(seconds=15, microseconds=950043), datetime.timedelta(seconds=1396, microseconds=259266), datetime.timedelta(seconds=26, microseconds=413644), datetime.timedelta(seconds=42, microseconds=947821), datetime.timedelta(seconds=114, microseconds=886344), datetime.timedelta(seconds=7, microseconds=705771), datetime.timedelta(seconds=183, microseconds=114355), datetime.timedelta(seconds=5, microseconds=609631), datetime.timedelta(seconds=15, microseconds=633492), datetime.timedelta(seconds=7, microseconds=726536)]"
24220,"[datetime.timedelta(seconds=1032, microseconds=504686), datetime.timedelta(seconds=224, microseconds=610655), datetime.timedelta(seconds=32, microseconds=864712), datetime.timedelta(seconds=310, microseconds=462772), datetime.timedelta(seconds=12, microseconds=794909), datetime.timedelta(seconds=15, microseconds=950043), datetime.timedelta(seconds=1396, microseconds=259266), datetime.timedelta(seconds=26, microseconds=413644), datetime.timedelta(seconds=42, microseconds=947821), datetime.timedelta(seconds=114, microseconds=886344), datetime.timedelta(seconds=7, microseconds=705771), datetime.timedelta(seconds=183, microseconds=114355), datetime.timedelta(seconds=5, microseconds=609631), datetime.timedelta(seconds=15, microseconds=633492), datetime.timedelta(seconds=24, microseconds=884855)]"
24225,"[datetime.timedelta(seconds=92, microseconds=43215)]"
24227,[]
24272,"[datetime.timedelta(seconds=1593, microseconds=238539)]"
24311,"[datetime.timedelta(seconds=130, microseconds=438697), datetime.timedelta(seconds=14, microseconds=122261), datetime.timedelta(seconds=82, microseconds=651117)]"
24446,[]
24449,[]
24534,"[datetime.timedelta(seconds=186, microseconds=962881)]"
24536,"[datetime.timedelta(days=1, seconds=67302, microseconds=870891), datetime.timedelta(seconds=83, microseconds=795430), datetime.timedelta(seconds=24, microseconds=10084), datetime.timedelta(seconds=136, microseconds=408137), datetime.timedelta(seconds=994, microseconds=985609), datetime.timedelta(seconds=19, microseconds=792038)]"
24541,[]
24577,"[datetime.timedelta(seconds=6, microseconds=373475), datetime.timedelta(seconds=9, microseconds=955317), datetime.timedelta(seconds=17, microseconds=64909), datetime.timedelta(seconds=32, microseconds=443721), datetime.timedelta(seconds=69, microseconds=686896)]"
24586,"[datetime.timedelta(days=1, seconds=509, microseconds=809185), datetime.timedelta(seconds=4, microseconds=765180)]"
24589,"[datetime.timedelta(seconds=6, microseconds=373475), datetime.timedelta(seconds=9, microseconds=955317), datetime.timedelta(seconds=17, microseconds=64909), datetime.timedelta(seconds=32, microseconds=443721), datetime.timedelta(seconds=7, microseconds=454962)]"
24596,"[datetime.timedelta(seconds=6, microseconds=373475), datetime.timedelta(seconds=9, microseconds=955317), datetime.timedelta(seconds=17, microseconds=64909), datetime.timedelta(seconds=32, microseconds=443721), datetime.timedelta(seconds=7, microseconds=454962)]"
24592,"[datetime.timedelta(seconds=6, microseconds=373475), datetime.timedelta(seconds=9, microseconds=955317), datetime.timedelta(seconds=17, microseconds=64909), datetime.timedelta(seconds=32, microseconds=443721), datetime.timedelta(seconds=7, microseconds=454962)]"
24595,"[datetime.timedelta(seconds=6, microseconds=373475), datetime.timedelta(seconds=9, microseconds=955317), datetime.timedelta(seconds=17, microseconds=64909), datetime.timedelta(seconds=32, microseconds=443721), datetime.timedelta(seconds=7, microseconds=454962)]"
24599,"[datetime.timedelta(seconds=6, microseconds=373475), datetime.timedelta(seconds=9, microseconds=955317), datetime.timedelta(seconds=17, microseconds=64909), datetime.timedelta(seconds=32, microseconds=443721), datetime.timedelta(seconds=7, microseconds=454962)]"
24619,"[datetime.timedelta(seconds=6, microseconds=373475), datetime.timedelta(seconds=9, microseconds=955317), datetime.timedelta(seconds=17, microseconds=64909), datetime.timedelta(seconds=32, microseconds=443721), datetime.timedelta(seconds=9, microseconds=117307), datetime.timedelta(seconds=33, microseconds=435287), datetime.timedelta(seconds=77, microseconds=814418), datetime.timedelta(seconds=30, microseconds=471542)]"
24699,"[datetime.timedelta(seconds=24, microseconds=211201), datetime.timedelta(seconds=388, microseconds=201456), datetime.timedelta(seconds=6, microseconds=991763), datetime.timedelta(seconds=27, microseconds=268950), datetime.timedelta(seconds=20, microseconds=838543), datetime.timedelta(seconds=16, microseconds=738881), datetime.timedelta(seconds=97, microseconds=590896), datetime.timedelta(seconds=54, microseconds=816047), datetime.timedelta(seconds=6, microseconds=639380), datetime.timedelta(seconds=11, microseconds=20746), datetime.timedelta(seconds=11, microseconds=512933), datetime.timedelta(seconds=8, microseconds=292010), datetime.timedelta(seconds=16, microseconds=500703)]"
24720,"[datetime.timedelta(seconds=8, microseconds=490094), datetime.timedelta(seconds=36, microseconds=722416), datetime.timedelta(seconds=9, microseconds=669248), datetime.timedelta(seconds=27, microseconds=716147)]"
24750,"[datetime.timedelta(seconds=18, microseconds=534539), datetime.timedelta(seconds=29, microseconds=618196), datetime.timedelta(seconds=32, microseconds=98054), datetime.timedelta(seconds=25, microseconds=751252), datetime.timedelta(seconds=106, microseconds=546779)]"
24751,"[datetime.timedelta(seconds=1826, microseconds=236986)]"
24797,"[datetime.timedelta(seconds=66, microseconds=166342), datetime.timedelta(seconds=28, microseconds=907526), datetime.timedelta(seconds=6, microseconds=367045), datetime.timedelta(seconds=26, microseconds=599512), datetime.timedelta(seconds=4, microseconds=410467), datetime.timedelta(seconds=24, microseconds=315732), datetime.timedelta(seconds=41, microseconds=633642), datetime.timedelta(seconds=7, microseconds=225076), datetime.timedelta(seconds=39, microseconds=603491), datetime.timedelta(seconds=16, microseconds=574946), datetime.timedelta(seconds=51, microseconds=881883), datetime.timedelta(seconds=27, microseconds=620396), datetime.timedelta(seconds=9, microseconds=411917), datetime.timedelta(seconds=96, microseconds=569716), datetime.timedelta(seconds=4, microseconds=675110), datetime.timedelta(seconds=18, microseconds=986042), datetime.timedelta(seconds=10, microseconds=476261), datetime.timedelta(seconds=8, microseconds=95268), datetime.timedelta(seconds=22, microseconds=933027), datetime.timedelta(seconds=18, microseconds=199740), datetime.timedelta(seconds=77, microseconds=526006), datetime.timedelta(seconds=10, microseconds=817091), datetime.timedelta(seconds=70, microseconds=34668), datetime.timedelta(seconds=11, microseconds=616958), datetime.timedelta(seconds=17, microseconds=53289), datetime.timedelta(seconds=55, microseconds=475619), datetime.timedelta(seconds=803, microseconds=302559), datetime.timedelta(seconds=172, microseconds=942567), datetime.timedelta(seconds=248, microseconds=454479)]"
24913,"[datetime.timedelta(seconds=2633, microseconds=552420), datetime.timedelta(seconds=245, microseconds=173289), datetime.timedelta(seconds=226, microseconds=349609), datetime.timedelta(seconds=333, microseconds=402001), datetime.timedelta(seconds=757, microseconds=825233), datetime.timedelta(seconds=20, microseconds=15053)]"
24921,[]
24924,[]
24937,[]
24941,[]
25303,"[datetime.timedelta(days=2, seconds=14135, microseconds=729691)]"
24957,"[datetime.timedelta(seconds=840, microseconds=315319), datetime.timedelta(seconds=11773, microseconds=648863)]"
25431,"[datetime.timedelta(seconds=171, microseconds=922123), datetime.timedelta(seconds=29, microseconds=792623), datetime.timedelta(seconds=249, microseconds=23071), datetime.timedelta(seconds=194, microseconds=690949), datetime.timedelta(seconds=173, microseconds=634867), datetime.timedelta(seconds=945, microseconds=470721), datetime.timedelta(seconds=641, microseconds=985084), datetime.timedelta(seconds=50062, microseconds=166746), datetime.timedelta(seconds=2340, microseconds=313266), datetime.timedelta(seconds=289, microseconds=978085)]"
27813,[]
25462,"[datetime.timedelta(seconds=144, microseconds=737358), datetime.timedelta(seconds=72, microseconds=320266), datetime.timedelta(seconds=542, microseconds=291430), datetime.timedelta(seconds=397, microseconds=551957), datetime.timedelta(seconds=105, microseconds=321616), datetime.timedelta(seconds=13, microseconds=922666)]"
25499,"[datetime.timedelta(seconds=189, microseconds=633673), datetime.timedelta(seconds=326, microseconds=226303), datetime.timedelta(seconds=649, microseconds=540731), datetime.timedelta(seconds=74, microseconds=654698), datetime.timedelta(seconds=191, microseconds=110766), datetime.timedelta(seconds=52, microseconds=323565)]"
25552,[]
27004,"[datetime.timedelta(seconds=3526, microseconds=555295), datetime.timedelta(seconds=91, microseconds=28694), datetime.timedelta(seconds=45, microseconds=546067), datetime.timedelta(seconds=248, microseconds=761037), datetime.timedelta(seconds=1632, microseconds=170669), datetime.timedelta(seconds=166, microseconds=23157), datetime.timedelta(seconds=948, microseconds=380944), datetime.timedelta(seconds=16, microseconds=754692), datetime.timedelta(seconds=1134, microseconds=398220), datetime.timedelta(seconds=129, microseconds=292812), datetime.timedelta(seconds=13, microseconds=438176), datetime.timedelta(seconds=447, microseconds=989892), datetime.timedelta(seconds=50, microseconds=144539), datetime.timedelta(seconds=49, microseconds=316732)]"
25565,[]
25601,"[datetime.timedelta(seconds=1250, microseconds=20923)]"
25588,"[datetime.timedelta(seconds=8384, microseconds=800909), datetime.timedelta(seconds=14, microseconds=723559), datetime.timedelta(seconds=121, microseconds=190204), datetime.timedelta(seconds=401, microseconds=221658), datetime.timedelta(seconds=102, microseconds=665879), datetime.timedelta(seconds=13, microseconds=152265), datetime.timedelta(seconds=930, microseconds=499445), datetime.timedelta(seconds=25, microseconds=164315)]"
25639,[]
25661,"[datetime.timedelta(seconds=108, microseconds=149732), datetime.timedelta(seconds=21, microseconds=745567), datetime.timedelta(seconds=8, microseconds=689527), datetime.timedelta(seconds=1067, microseconds=530203)]"
25688,[]
25714,[]
27438,[]
25731,"[datetime.timedelta(seconds=482, microseconds=881143), datetime.timedelta(seconds=425, microseconds=585525), datetime.timedelta(seconds=447, microseconds=948176), datetime.timedelta(seconds=877, microseconds=568013), datetime.timedelta(seconds=22, microseconds=104398), datetime.timedelta(seconds=23, microseconds=353178), datetime.timedelta(seconds=49, microseconds=915594)]"
25995,[]
25909,"[datetime.timedelta(seconds=7203, microseconds=585901), datetime.timedelta(seconds=121, microseconds=508559), datetime.timedelta(seconds=74, microseconds=401139), datetime.timedelta(seconds=168, microseconds=604577), datetime.timedelta(seconds=28, microseconds=897057)]"
25984,"[datetime.timedelta(seconds=279, microseconds=47560), datetime.timedelta(seconds=17, microseconds=297688)]"
26054,"[datetime.timedelta(seconds=228, microseconds=74367), datetime.timedelta(seconds=33, microseconds=483346)]"
26052,"[datetime.timedelta(seconds=7203, microseconds=585901), datetime.timedelta(seconds=121, microseconds=508559), datetime.timedelta(seconds=74, microseconds=401139), datetime.timedelta(seconds=168, microseconds=604577), datetime.timedelta(seconds=28, microseconds=897057), datetime.timedelta(seconds=39, microseconds=87584), datetime.timedelta(seconds=25, microseconds=881794), datetime.timedelta(seconds=33, microseconds=518110), datetime.timedelta(seconds=14, microseconds=664297), datetime.timedelta(seconds=16, microseconds=845496), datetime.timedelta(seconds=31, microseconds=198090), datetime.timedelta(seconds=42, microseconds=540478), datetime.timedelta(seconds=29, microseconds=831180), datetime.timedelta(seconds=5, microseconds=106774), datetime.timedelta(seconds=32, microseconds=497223), datetime.timedelta(seconds=27, microseconds=776529), datetime.timedelta(seconds=29, microseconds=570078), datetime.timedelta(seconds=21, microseconds=158680), datetime.timedelta(seconds=5, microseconds=407524)]"
26661,"[datetime.timedelta(seconds=173, microseconds=233878), datetime.timedelta(seconds=236, microseconds=621830)]"
26056,"[datetime.timedelta(seconds=24516, microseconds=790215)]"
26060,[]
26083,"[datetime.timedelta(seconds=538, microseconds=791266)]"
26090,"[datetime.timedelta(seconds=49, microseconds=789947), datetime.timedelta(seconds=73, microseconds=722663), datetime.timedelta(seconds=256, microseconds=658670), datetime.timedelta(seconds=198, microseconds=581992), datetime.timedelta(seconds=97, microseconds=173553)]"
26173,[]
26166,[]
26406,"[datetime.timedelta(seconds=75, microseconds=21787), datetime.timedelta(seconds=21, microseconds=235495)]"
26198,[]
26240,"[datetime.timedelta(seconds=331, microseconds=742110), datetime.timedelta(seconds=557, microseconds=846550)]"
26272,"[datetime.timedelta(seconds=193, microseconds=607330)]"
26281,"[datetime.timedelta(seconds=1925, microseconds=239859), datetime.timedelta(seconds=1231, microseconds=329143)]"
26295,[]
27131,[]
26331,[]
26484,"[datetime.timedelta(seconds=20, microseconds=419407), datetime.timedelta(seconds=29, microseconds=974274), datetime.timedelta(seconds=10, microseconds=150381), datetime.timedelta(seconds=16, microseconds=26554), datetime.timedelta(seconds=14, microseconds=298527), datetime.timedelta(seconds=9, microseconds=427776), datetime.timedelta(seconds=5, microseconds=62811)]"
26384,"[datetime.timedelta(seconds=7, microseconds=815806)]"
26421,[]
26699,[]
26409,[]
26434,[]
27398,"[datetime.timedelta(seconds=9, microseconds=517530)]"
26485,"[datetime.timedelta(seconds=864, microseconds=468668), datetime.timedelta(seconds=1737, microseconds=930007)]"
27067,"[datetime.timedelta(seconds=572, microseconds=857962)]"
27500,[]
26579,"[datetime.timedelta(seconds=19, microseconds=60401), datetime.timedelta(seconds=945, microseconds=340622)]"
26580,"[datetime.timedelta(seconds=19, microseconds=60401), datetime.timedelta(seconds=945, microseconds=340622)]"
26701,[]
26715,"[datetime.timedelta(seconds=19, microseconds=60401), datetime.timedelta(seconds=945, microseconds=340622), datetime.timedelta(seconds=11, microseconds=758490)]"
26747,"[datetime.timedelta(seconds=1126, microseconds=435021), datetime.timedelta(seconds=474, microseconds=732898), datetime.timedelta(seconds=362, microseconds=491307), datetime.timedelta(seconds=60, microseconds=868866), datetime.timedelta(seconds=1251, microseconds=365994), datetime.timedelta(seconds=15, microseconds=997969), datetime.timedelta(seconds=18, microseconds=589688), datetime.timedelta(seconds=26301, microseconds=437878), datetime.timedelta(seconds=332, microseconds=110964), datetime.timedelta(seconds=777, microseconds=166870), datetime.timedelta(seconds=18, microseconds=317703)]"
26811,[]
27000,"[datetime.timedelta(seconds=22, microseconds=142486), datetime.timedelta(seconds=6, microseconds=603324), datetime.timedelta(seconds=7, microseconds=609232), datetime.timedelta(seconds=9, microseconds=748568)]"
26853,[]
26899,"[datetime.timedelta(seconds=22, microseconds=734682), datetime.timedelta(seconds=23, microseconds=162695)]"
27033,"[datetime.timedelta(seconds=173, microseconds=233878), datetime.timedelta(seconds=236, microseconds=621830), datetime.timedelta(seconds=389, microseconds=409101)]"
26948,[]
26957,[]
26961,"[datetime.timedelta(seconds=159, microseconds=981393)]"
26977,"[datetime.timedelta(seconds=638, microseconds=750348)]"
26987,[]
27002,"[datetime.timedelta(seconds=1052, microseconds=855086), datetime.timedelta(seconds=13, microseconds=633980), datetime.timedelta(seconds=14, microseconds=803560)]"
27008,[]
27027,"[datetime.timedelta(seconds=100, microseconds=833201)]"
27208,"[datetime.timedelta(seconds=50, microseconds=148269)]"
27045,"[datetime.timedelta(seconds=86, microseconds=833459), datetime.timedelta(seconds=18, microseconds=848887)]"
27360,"[datetime.timedelta(seconds=37, microseconds=264783)]"
27086,[]
27636,[]
27169,"[datetime.timedelta(seconds=33, microseconds=108118)]"
27326,[]
27223,"[datetime.timedelta(seconds=160, microseconds=8030)]"
27275,[]
27302,"[datetime.timedelta(seconds=1269, microseconds=228503), datetime.timedelta(seconds=28, microseconds=127262)]"
27323,"[datetime.timedelta(seconds=13, microseconds=420736)]"
27322,"[datetime.timedelta(seconds=134, microseconds=17607), datetime.timedelta(seconds=66, microseconds=91998), datetime.timedelta(seconds=52, microseconds=462932), datetime.timedelta(seconds=16, microseconds=502483)]"
27329,"[datetime.timedelta(seconds=55, microseconds=41309)]"
27389,[]
27414,"[datetime.timedelta(seconds=2199, microseconds=388552), datetime.timedelta(seconds=61, microseconds=833250), datetime.timedelta(seconds=682, microseconds=452722), datetime.timedelta(seconds=185, microseconds=337913), datetime.timedelta(seconds=270, microseconds=122714), datetime.timedelta(seconds=5, microseconds=149701)]"
27381,[]
27395,[]
27399,"[datetime.timedelta(seconds=159, microseconds=981393), datetime.timedelta(seconds=61, microseconds=363737)]"
27464,[]
27484,"[datetime.timedelta(seconds=13, microseconds=367160), datetime.timedelta(seconds=12, microseconds=763965), datetime.timedelta(seconds=93, microseconds=119639)]"
27506,"[datetime.timedelta(seconds=19, microseconds=60401), datetime.timedelta(seconds=945, microseconds=340622), datetime.timedelta(seconds=5, microseconds=386916), datetime.timedelta(seconds=5, microseconds=149219)]"
27510,"[datetime.timedelta(seconds=163, microseconds=338103), datetime.timedelta(seconds=1734, microseconds=754878)]"
27526,[]
27547,[]
27552,"[datetime.timedelta(seconds=11, microseconds=999922), datetime.timedelta(seconds=1272, microseconds=308586), datetime.timedelta(seconds=74, microseconds=866697), datetime.timedelta(seconds=365, microseconds=236450), datetime.timedelta(seconds=456, microseconds=625168), datetime.timedelta(seconds=18, microseconds=3680), datetime.timedelta(seconds=9, microseconds=108789)]"
27583,[]
27587,[]
27597,"[datetime.timedelta(seconds=55, microseconds=841159)]"
27603,[]
27638,[]
27634,[]
27697,"[datetime.timedelta(seconds=121, microseconds=362516), datetime.timedelta(seconds=12, microseconds=621163), datetime.timedelta(seconds=117, microseconds=677250), datetime.timedelta(seconds=26, microseconds=622064), datetime.timedelta(seconds=57, microseconds=218052), datetime.timedelta(seconds=32, microseconds=643147), datetime.timedelta(seconds=127, microseconds=502479), datetime.timedelta(seconds=46, microseconds=747834), datetime.timedelta(seconds=83, microseconds=635962)]"
27730,"[datetime.timedelta(seconds=300, microseconds=271616), datetime.timedelta(seconds=15, microseconds=269613), datetime.timedelta(seconds=71, microseconds=152607)]"
27755,"[datetime.timedelta(seconds=12, microseconds=510933), datetime.timedelta(seconds=16, microseconds=31382)]"
27768,"[datetime.timedelta(seconds=281, microseconds=665718)]"
27774,[]
27776,[]
27804,"[datetime.timedelta(seconds=223, microseconds=705559)]"
27811,[]
27824,"[datetime.timedelta(seconds=8, microseconds=190173), datetime.timedelta(seconds=8, microseconds=166472)]"
27830,[]
27864,"[datetime.timedelta(seconds=6, microseconds=373475), datetime.timedelta(seconds=9, microseconds=955317), datetime.timedelta(seconds=17, microseconds=64909), datetime.timedelta(seconds=32, microseconds=443721)]"
27888,[]
27845,"[datetime.timedelta(seconds=16, microseconds=248994)]"
27846,[]
28582,[]
27949,[]
27961,[]
27963,"[datetime.timedelta(seconds=36, microseconds=50610)]"
28007,"[datetime.timedelta(seconds=36, microseconds=50610)]"
27979,"[datetime.timedelta(seconds=28, microseconds=194107)]"
28002,[]
28008,[]
28068,"[datetime.timedelta(seconds=67, microseconds=842949), datetime.timedelta(seconds=5, microseconds=319916)]"
28099,"[datetime.timedelta(seconds=144, microseconds=125927), datetime.timedelta(seconds=113, microseconds=226487), datetime.timedelta(seconds=21, microseconds=607168)]"
28086,"[datetime.timedelta(seconds=36, microseconds=50610)]"
28202,"[datetime.timedelta(seconds=93, microseconds=132291), datetime.timedelta(seconds=280, microseconds=292257), datetime.timedelta(seconds=69, microseconds=867268), datetime.timedelta(seconds=116, microseconds=161840), datetime.timedelta(seconds=9, microseconds=794772), datetime.timedelta(seconds=80, microseconds=556879), datetime.timedelta(seconds=52, microseconds=202342), datetime.timedelta(seconds=72, microseconds=626394)]"
28215,"[datetime.timedelta(seconds=66, microseconds=906719), datetime.timedelta(seconds=73, microseconds=400340), datetime.timedelta(seconds=21, microseconds=413058), datetime.timedelta(seconds=74, microseconds=582479), datetime.timedelta(seconds=46, microseconds=655243)]"
28209,[]
28214,[]
28221,"[datetime.timedelta(seconds=36, microseconds=50610)]"
28229,"[datetime.timedelta(seconds=36, microseconds=50610), datetime.timedelta(seconds=124, microseconds=27477), datetime.timedelta(seconds=51, microseconds=742862)]"
28239,"[datetime.timedelta(seconds=233, microseconds=60946)]"
28246,[]
28274,"[datetime.timedelta(seconds=11, microseconds=851430), datetime.timedelta(seconds=137, microseconds=144890)]"
28284,[]
28285,"[datetime.timedelta(seconds=36, microseconds=50610)]"
28286,"[datetime.timedelta(seconds=36, microseconds=50610), datetime.timedelta(seconds=124, microseconds=27477), datetime.timedelta(seconds=13, microseconds=981504)]"
28316,"[datetime.timedelta(seconds=6, microseconds=373475), datetime.timedelta(seconds=9, microseconds=955317), datetime.timedelta(seconds=17, microseconds=64909), datetime.timedelta(seconds=32, microseconds=443721)]"
28320,[]
28325,"[datetime.timedelta(seconds=5, microseconds=254054)]"
28331,[]
28399,"[datetime.timedelta(seconds=6, microseconds=373475), datetime.timedelta(seconds=9, microseconds=955317), datetime.timedelta(seconds=17, microseconds=64909), datetime.timedelta(seconds=32, microseconds=443721), datetime.timedelta(seconds=16, microseconds=431918), datetime.timedelta(seconds=24, microseconds=925917), datetime.timedelta(seconds=63, microseconds=508954), datetime.timedelta(seconds=37, microseconds=991329), datetime.timedelta(seconds=16, microseconds=250020), datetime.timedelta(seconds=10, microseconds=64813)]"
28406,"[datetime.timedelta(seconds=6, microseconds=373475), datetime.timedelta(seconds=9, microseconds=955317), datetime.timedelta(seconds=17, microseconds=64909), datetime.timedelta(seconds=32, microseconds=443721)]"
28413,"[datetime.timedelta(seconds=1171, microseconds=552809)]"
29750,"[datetime.timedelta(seconds=24, microseconds=7056), datetime.timedelta(seconds=8, microseconds=671256), datetime.timedelta(seconds=6, microseconds=346698)]"
28460,[]
28518,"[datetime.timedelta(seconds=144, microseconds=125927), datetime.timedelta(seconds=113, microseconds=226487), datetime.timedelta(seconds=21, microseconds=607168), datetime.timedelta(seconds=269, microseconds=798550), datetime.timedelta(seconds=859, microseconds=827985)]"
28532,"[datetime.timedelta(seconds=23, microseconds=602893)]"
28581,"[datetime.timedelta(seconds=36, microseconds=50610), datetime.timedelta(seconds=25, microseconds=660274), datetime.timedelta(seconds=12, microseconds=570718), datetime.timedelta(seconds=5, microseconds=501998), datetime.timedelta(seconds=72, microseconds=810025), datetime.timedelta(seconds=29, microseconds=181510), datetime.timedelta(seconds=26, microseconds=463530), datetime.timedelta(seconds=31, microseconds=601458), datetime.timedelta(seconds=25, microseconds=966547), datetime.timedelta(seconds=278, microseconds=112829)]"
28670,"[datetime.timedelta(seconds=16, microseconds=808147), datetime.timedelta(seconds=20, microseconds=554062), datetime.timedelta(seconds=88, microseconds=973616)]"
28701,[]
28704,"[datetime.timedelta(seconds=21, microseconds=281377)]"
28731,"[datetime.timedelta(seconds=19, microseconds=574131), datetime.timedelta(seconds=21, microseconds=791831)]"
28761,"[datetime.timedelta(seconds=12, microseconds=571224), datetime.timedelta(seconds=16, microseconds=759756), datetime.timedelta(seconds=9, microseconds=205531), datetime.timedelta(seconds=23, microseconds=216774)]"
28810,"[datetime.timedelta(seconds=104, microseconds=990803)]"
28817,"[datetime.timedelta(seconds=178, microseconds=340916), datetime.timedelta(seconds=228, microseconds=956223), datetime.timedelta(seconds=155, microseconds=997623)]"
28824,"[datetime.timedelta(seconds=8, microseconds=190173)]"
28830,[]
28831,[]
28832,[]
28846,"[datetime.timedelta(seconds=869, microseconds=505688)]"
28847,[]
28872,[]
28887,[]
29058,[]
29060,[]
29067,[]
29070,[]
29101,"[datetime.timedelta(seconds=14, microseconds=922731), datetime.timedelta(seconds=268, microseconds=432383)]"
29148,[]
29158,[]
29255,[]
29296,"[datetime.timedelta(seconds=10, microseconds=676286), datetime.timedelta(seconds=145, microseconds=286768), datetime.timedelta(seconds=14, microseconds=569729), datetime.timedelta(seconds=53, microseconds=718572)]"
29327,"[datetime.timedelta(seconds=22, microseconds=537631), datetime.timedelta(seconds=8, microseconds=64082)]"
29332,[]
29341,"[datetime.timedelta(seconds=49, microseconds=911938), datetime.timedelta(seconds=113, microseconds=487926), datetime.timedelta(seconds=5, microseconds=188211)]"
29518,"[datetime.timedelta(seconds=36, microseconds=50610), datetime.timedelta(seconds=52, microseconds=310004)]"
29525,[]
29606,"[datetime.timedelta(seconds=207, microseconds=335765)]"
29706,"[datetime.timedelta(seconds=8, microseconds=177472), datetime.timedelta(seconds=64, microseconds=10542)]"
29712,"[datetime.timedelta(seconds=8, microseconds=190173), datetime.timedelta(seconds=84, microseconds=331993), datetime.timedelta(seconds=521, microseconds=659655), datetime.timedelta(seconds=83, microseconds=47391)]"
29729,"[datetime.timedelta(seconds=155, microseconds=711956), datetime.timedelta(seconds=11, microseconds=498296), datetime.timedelta(seconds=6, microseconds=96723), datetime.timedelta(seconds=10, microseconds=613564), datetime.timedelta(seconds=120, microseconds=770212)]"
29744,[]
29821,[]
29892,"[datetime.timedelta(seconds=162, microseconds=921200)]"
29951,"[datetime.timedelta(seconds=322, microseconds=752623), datetime.timedelta(seconds=18, microseconds=680775), datetime.timedelta(seconds=7, microseconds=710889)]"
29966,[]
30032,[]
30087,"[datetime.timedelta(seconds=5, microseconds=779889), datetime.timedelta(seconds=51, microseconds=36635), datetime.timedelta(seconds=7, microseconds=741422)]"
30110,"[datetime.timedelta(seconds=48, microseconds=65669)]"
30114,"[datetime.timedelta(seconds=8, microseconds=420457)]"
30115,[]
30186,"[datetime.timedelta(seconds=13, microseconds=383219), datetime.timedelta(seconds=9, microseconds=704328)]"
30553,[]
30326,"[datetime.timedelta(seconds=12, microseconds=964534), datetime.timedelta(seconds=13, microseconds=19916), datetime.timedelta(seconds=7, microseconds=735576), datetime.timedelta(seconds=23, microseconds=67896), datetime.timedelta(seconds=8, microseconds=479027), datetime.timedelta(seconds=4525, microseconds=832802)]"
30338,"[datetime.timedelta(seconds=483, microseconds=339088), datetime.timedelta(seconds=7, microseconds=621889)]"
30347,[]
30510,"[datetime.timedelta(seconds=68, microseconds=661235), datetime.timedelta(seconds=184, microseconds=517810)]"
30531,"[datetime.timedelta(seconds=18, microseconds=464182)]"
30528,"[datetime.timedelta(seconds=287, microseconds=31856)]"
30529,[]
30539,[]
